id,name,productCount,subtreeProductCount,parent,numChildren,averagePrice,numUnder10,numUnder25,numUnder50,numUnder100,numOver100,noPrice
0,Industrial & Scientific,1828,47279,,21,45.04,13802,12183,6866,3871,4100,6457
1,Science Education,188,339,0,11,32.92,118,86,52,22,25,36
2,Professional Medical Supplies,135,1786,0,8,46.27,393,471,333,205,131,253
3,Occupational Health & Safety Products,6,2423,0,7,47.15,576,824,385,207,223,208
4,Industrial Electrical,158,3429,0,11,27.0,1742,700,347,165,151,324
5,Industrial Hardware,147,1932,0,16,20.88,936,514,165,70,58,189
6,Additive Manufacturing Products,19,794,0,4,59.55,22,107,341,45,44,235
7,"Test, Measure & Inspect",178,2976,0,16,101.27,298,627,510,404,764,373
8,Cutting Tools,6,1435,0,22,29.62,419,501,223,104,72,116
9,Fasteners,2,3384,0,10,19.78,1555,892,254,143,84,456
10,Abrasive & Finishing Products,31,1370,0,7,26.32,452,447,198,103,53,117
11,Janitorial & Sanitation Supplies,201,5189,0,8,60.8,692,1228,1138,739,669,723
12,Material Handling Products,120,4000,0,29,75.22,830,969,553,471,680,497
13,"Tapes, Adhesives & Sealants",59,2598,0,26,19.08,1097,758,301,99,47,296
14,"Hydraulics, Pneumatics & Plumbing",0,2882,0,11,34.83,1083,796,339,190,185,289
15,Filtration,0,309,0,5,46.67,70,73,78,41,31,16
16,Power Transmission Products,0,1762,0,18,25.65,619,546,194,83,56,264
17,Professional Dental Supplies,8,2745,0,2,15.73,911,684,230,40,20,860
18,Industrial Power & Hand Tools,15,252,0,1,91.45,18,60,48,43,65,18
19,Lab & Scientific Products,280,4586,0,6,60.6,1296,1064,600,374,578,674
20,Raw Materials,20,1211,0,12,26.72,291,403,225,59,28,205
21,Robotics,0,49,0,3,51.55,14,10,10,9,3,3
22,Domestic & Personal Robots,3,3,21,0,131.66,1,0,1,0,1,0
23,Robot Parts & Accessories,0,43,21,3,45.39,13,10,9,8,2,1
24,Unmanned Aerial Vehicles (UAVs),3,3,21,0,69.95,0,0,0,1,0,2
25,Robot Accessories,26,26,23,0,47.02,10,7,5,1,2,1
26,Robot Platforms,12,12,23,0,56.68,0,1,4,7,0,0
27,Robot Parts,5,5,23,0,10.12,3,2,0,0,0,0
28,Shims & Shim Stock,7,69,20,3,23.28,19,28,14,2,2,4
29,Wood,88,88,20,0,12.93,44,26,9,1,0,8
30,Plastics,46,290,20,19,29.74,72,98,53,18,8,41
31,Metals & Alloys,100,559,20,15,28.31,102,183,112,28,11,123
32,"Fabrics, Fibers & Textiles",9,59,20,1,21.07,26,11,12,3,1,6
33,Ceramics & Glass,0,8,20,3,32.52,0,2,3,1,0,2
34,Laminates & Composites,2,10,20,2,51.64,1,4,2,0,1,2
35,Rubber,3,41,20,9,18.93,5,19,4,1,0,12
36,Industrial Wire,52,52,20,0,33.5,13,21,6,3,5,4
37,Carbon & Graphite,10,10,20,0,17.41,1,6,1,0,0,2
38,Expanded & Perforated Sheets,2,2,20,0,20.93,1,0,1,0,0,0
39,Foam,3,3,20,0,49.66,0,0,2,1,0,0
40,Buna-N,7,7,35,0,29.88,0,1,1,0,0,5
41,Polyurethane,4,4,35,0,16.05,0,4,0,0,0,0
42,EPDM,4,4,35,0,14.71,1,1,0,0,0,2
43,Silicone,10,10,35,0,20.42,2,6,0,1,0,1
44,SBR,1,1,35,0,10.68,0,1,0,0,0,0
45,Neoprene,8,8,35,0,21.15,0,5,2,0,0,1
46,Gum Rubber,1,1,35,0,6.31,1,0,0,0,0,0
47,Latex,2,2,35,0,0,0,0,0,0,0,2
48,Fluoroelastomer,1,1,35,0,0.04,1,0,0,0,0,0
49,Fiberglass,6,6,34,0,69.32,0,3,1,0,1,1
50,Carbon Fiber,2,2,34,0,30.78,0,1,1,0,0,0
51,Ceramics,4,4,33,0,33.72,0,1,2,1,0,0
52,Industrial Gems,2,2,33,0,0,0,0,0,0,0,2
53,Glass,2,2,33,0,30.12,0,1,1,0,0,0
54,Felt,50,50,32,0,16.92,24,9,10,3,0,4
55,Brass,41,41,31,0,17.7,11,15,5,1,0,9
56,Specialty Non-Ferrous Metals,10,10,31,0,25.9,0,5,2,1,0,2
57,Stainless Steel,88,88,31,0,38.44,11,27,15,1,1,33
58,Steel,79,79,31,0,23.09,15,22,21,5,0,16
59,Tungsten,9,9,31,0,14.89,1,3,0,0,0,5
60,Aluminum,100,100,31,0,30.41,13,38,21,7,3,18
61,Titanium & Titanium Alloys,14,14,31,0,17.12,5,3,0,1,0,5
62,Nickel & Nickel Alloys,15,15,31,0,22.64,1,8,2,0,0,4
63,Copper,50,50,31,0,31.16,3,19,16,4,2,6
64,Bronze,6,6,31,0,33.53,1,1,3,1,0,0
65,Zinc,11,11,31,0,23.59,4,2,3,1,0,1
66,Magnesium,1,1,31,0,9.99,1,0,0,0,0,0
67,Lead,20,20,31,0,28.37,2,5,11,1,0,1
68,Tin,5,5,31,0,17.39,1,4,0,0,0,0
69,Precious Metals,10,10,31,0,154.08,0,1,2,0,4,3
70,ABS,10,10,30,0,11.7,6,1,2,0,0,1
71,Polystyrene,12,12,30,0,11.8,4,5,1,0,0,2
72,Polycarbonate,18,18,30,0,55.05,1,10,4,1,1,1
73,Nylon,13,13,30,0,31.05,3,4,3,2,0,1
74,Acetal,15,15,30,0,19.61,5,5,1,2,0,2
75,PTFE,12,12,30,0,28.32,1,3,5,0,0,3
76,PEEK,1,1,30,0,12.52,0,1,0,0,0,0
77,Acrylic,65,65,30,0,24.64,13,17,18,7,0,10
78,Polypropylene,9,9,30,0,39.77,2,4,0,1,1,1
79,Polyimide,3,3,30,0,943.11,0,0,0,0,1,2
80,PET,4,4,30,0,7.31,3,1,0,0,0,0
81,Specialty Plastics,19,19,30,0,15.01,6,11,2,0,0,0
82,Polyethylene,35,35,30,0,32.18,8,10,6,4,2,5
83,PVC,23,23,30,0,16.21,4,11,3,0,0,5
84,Polyester,1,1,30,0,9.53,1,0,0,0,0,0
85,CPVC,1,1,30,0,3.6,1,0,0,0,0,0
86,PAI,1,1,30,0,60.9,0,0,0,1,0,0
87,PBT,1,1,30,0,12.5,0,1,0,0,0,0
88,Cellulose,1,1,30,0,0,0,0,0,0,0,1
89,Shim Stock,39,39,28,0,30.94,7,16,11,2,2,1
90,Slotted Shims,7,7,28,0,24.37,0,1,3,0,0,3
91,Round Shims,16,16,28,0,11.04,8,8,0,0,0,0
92,Glassware & Labware,18,1521,19,18,32.54,505,391,226,100,84,215
93,Lab Supplies & Consumables,1,1098,19,5,21.0,452,309,102,45,30,160
94,Lab Instruments & Equipment,160,1339,19,15,126.22,223,207,163,165,408,173
95,Lab Furniture,3,204,19,8,81.78,32,45,32,30,32,33
96,Lab Chemicals,30,129,19,8,22.74,32,45,24,6,2,20
97,Life Science & Microbiology Supplies,4,15,19,4,66.36,0,4,3,0,4,4
98,Cell Culture Media,5,5,97,0,61.39,0,1,1,0,1,2
99,Susceptibility Testing,4,4,97,0,101.98,0,0,1,0,2,1
100,Electrophoresis Systems,0,1,97,1,149.0,0,0,0,0,1,0
101,Media Additives,1,1,97,0,11.5,0,1,0,0,0,0
102,Horizontal Electrophoresis Apparatus,1,1,100,0,149.0,0,0,0,0,1,0
103,Acids,34,34,96,0,18.77,11,7,7,1,0,8
104,Electrolyte Solutions,9,9,96,0,16.04,3,3,2,0,0,1
105,Standards,25,25,96,0,26.23,4,9,6,0,1,5
106,Bioreagents,4,4,96,0,35.86,0,2,1,1,0,0
107,Buffers,4,4,96,0,14.97,1,2,1,0,0,0
108,Analytical Reagents,11,11,96,0,28.19,3,4,0,3,0,1
109,Bases,4,4,96,0,11.85,2,2,0,0,0,0
110,Solvents,8,8,96,0,26.3,2,3,3,0,0,0
111,Lab Supply Dispensers,31,31,95,0,45.74,1,9,10,7,1,3
112,Lab Benches,4,4,95,0,191.98,0,0,0,1,3,0
113,Lab Racks,48,134,95,6,44.0,30,33,22,18,11,20
114,Lab Cabinets,4,4,95,0,226.85,1,0,0,1,2,0
115,Lab Desks,5,5,95,0,291.61,0,0,0,0,3,2
116,Lab Lockers,2,2,95,0,128.21,0,1,0,0,1,0
117,Lab Chairs & Stools,11,11,95,0,406.24,0,0,0,1,7,3
118,Lab Carts,10,10,95,0,225.03,0,2,0,1,4,3
119,Tube Racks,66,66,113,0,18.31,24,23,9,1,1,8
120,Pipette Racks,3,3,113,0,133.0,0,0,0,0,1,2
121,Bottle Racks,2,2,113,0,17.95,0,1,0,0,0,1
122,Microcentrifuge Tube Racks,8,8,113,0,68.78,0,3,1,0,1,3
123,Washing Racks,2,2,113,0,37.25,0,0,1,0,0,1
124,Drying Racks,5,5,113,0,120.3,0,0,1,2,1,1
125,Fluid & Liquid Handling,0,145,94,2,31.86,73,28,15,6,7,16
126,Microscopes & Equipment,0,490,94,1,161.82,63,52,52,75,217,31
127,Power Supplies,44,44,94,0,179.37,1,10,3,7,20,3
128,Mixing & Blending Equipment,0,95,94,3,109.35,30,16,8,6,25,10
129,Chromatography Supplies,1,19,94,8,47.19,4,3,4,2,3,3
130,Meters,70,89,94,2,60.14,7,18,26,19,5,14
131,Cages & Aquariums,0,13,94,2,84.9,2,3,1,1,2,4
132,Heating & Cooling Equipment,0,114,94,10,186.61,13,23,11,8,46,13
133,Vacuum & Pump Equipment,0,49,94,2,123.77,1,8,8,2,21,9
134,Centrifuges,5,20,94,3,290.31,0,0,0,2,12,6
135,Evaporation & Drying Equipment,0,30,94,2,169.32,1,0,6,7,10,6
136,Light Sources,18,18,94,0,90.05,0,1,1,1,2,13
137,Electrochemistry Accessories,17,17,94,0,146.6,0,0,2,6,8,1
138,Gas Handling & Extraction,0,6,94,1,122.49,0,1,0,0,3,2
139,Water Purification Equipment,0,30,94,2,55.2,3,19,3,0,4,1
140,Water Purification Systems,5,5,139,0,275.45,0,0,1,0,3,1
141,Water Purification System Accessories,25,25,139,0,19.96,3,19,2,0,1,0
142,Gas Handling Supplies,6,6,138,0,122.49,0,1,0,0,3,2
143,Desiccators & Accessories,1,29,135,3,169.32,1,0,6,7,10,5
144,Evaporators & Accessories,1,1,135,0,0,0,0,0,0,0,1
145,Vacuum Desiccators,19,19,143,0,160.97,0,0,3,5,6,5
146,Desiccator Accessories,6,6,143,0,274.62,0,0,1,1,4,0
147,Non-vacuum Desiccators,3,3,143,0,51.83,0,0,2,1,0,0
148,Benchtop Centrifuges,10,10,134,0,222.42,0,0,0,0,7,3
149,Benchtop Microcentrifuges,4,4,134,0,325.21,0,0,0,1,3,0
150,Centrifuge Rotors,1,1,134,0,79.0,0,0,0,1,0,0
151,Vacuum Chambers & Traps,0,20,133,2,165.36,0,2,2,0,13,3
152,Lab Pumps & Accessories,5,29,133,3,93.02,1,6,6,2,8,6
153,Vacuum Pumps,16,16,152,0,104.65,1,4,3,0,4,4
154,Lab Pump Accessories,6,6,152,0,91.19,0,1,1,1,1,2
155,Aspirator Pumps,2,2,152,0,23.8,0,1,1,0,0,0
156,Vacuum Chambers,17,17,151,0,184.85,0,1,1,0,12,3
157,Vacuum Traps,3,3,151,0,74.43,0,1,1,0,1,0
158,Burners & Heaters,0,61,132,4,136.21,8,17,5,5,21,5
159,Lab Baths & Accessories,0,7,132,3,169.65,1,2,2,0,2,0
160,Ovens,0,6,132,1,565.1,1,0,0,0,4,1
161,Autoclaves & Accessories,0,16,132,2,220.54,3,3,0,2,4,4
162,Ice Makers,6,6,132,0,144.04,0,1,0,0,3,2
163,Incubators & Accessories,5,10,132,2,309.0,0,0,2,0,8,0
164,Heat Blocks,3,3,132,0,136.07,0,0,0,1,2,0
165,Lab Refrigeration Equipment,0,2,132,2,76.22,0,0,1,0,1,0
166,Furnace Equipment,0,2,132,1,166.94,0,0,1,0,1,0
167,Thermal Cyclers,1,1,132,0,0,0,0,0,0,0,1
168,Furnace Accessories,2,2,166,0,166.94,0,0,1,0,1,0
169,Lab Coolers,1,1,165,0,112.0,0,0,0,0,1,0
170,Lab Freezers,1,1,165,0,40.45,0,0,1,0,0,0
171,General Purpose Incubators,4,4,163,0,376.21,0,0,0,0,4,0
172,Incubator Accessories,1,1,163,0,175.5,0,0,0,0,1,0
173,Autoclaves,7,7,161,0,720.44,0,0,0,0,3,4
174,Autoclave Accessories,9,9,161,0,53.91,3,3,0,2,1,0
175,Convection Ovens,6,6,160,0,565.1,1,0,0,0,4,1
176,Circulating Baths,1,1,159,0,4.25,1,0,0,0,0,0
177,Water Baths,1,1,159,0,964.6,0,0,0,0,1,0
178,Bath Accessories,5,5,159,0,43.74,0,2,2,0,1,0
179,Bunsen Burners,34,34,158,0,23.39,6,16,5,5,0,2
180,Hot Plates,22,22,158,0,334.05,0,1,0,0,18,3
181,Heating Mantles,2,2,158,0,8.25,2,0,0,0,0,0
182,Immersion Heaters,3,3,158,0,172.0,0,0,0,0,3,0
183,Lab Cages & Restrainers,4,4,131,0,20.65,0,1,0,0,0,3
184,Aquariums & Terrariums,9,9,131,0,92.93,2,2,1,1,2,1
185,Electroscopes & Van de Graffs,6,6,130,0,57.03,0,4,1,0,1,0
186,Spectrophotometer & Colorimeter Accessories,13,13,130,0,32.63,0,5,6,1,0,1
187,Chromatography LC Columns,3,3,129,0,60.58,1,1,0,0,1,0
188,Chromatography HPLC Columns,1,1,129,0,0,0,0,0,0,0,1
189,Chromatography Paper,6,6,129,0,25.49,2,0,2,1,0,1
190,Chromatography GC Capillary Columns,1,1,129,0,27.89,0,0,1,0,0,0
191,Chromatography Solid Phases,2,2,129,0,91.0,0,0,1,0,1,0
192,Chromatography Column Packings,2,2,129,0,0.01,1,0,0,0,0,1
193,Chromatography IC Columns,1,1,129,0,127.94,0,0,0,0,1,0
194,TLC Chromatography,0,2,129,2,21.14,0,2,0,0,0,0
195,Chromatography TLC Plates,1,1,194,0,18.54,0,1,0,0,0,0
196,Chromatography Sprayers,1,1,194,0,23.74,0,1,0,0,0,0
197,Lab Shakers & Accessories,2,14,128,4,236.57,0,0,2,0,9,3
198,"Stirrers, Mixers & Accessories",0,78,128,3,70.75,30,16,6,6,14,6
199,Homogenizers & Accessories,0,3,128,1,799.5,0,0,0,0,2,1
200,Homogenizers,3,3,199,0,799.5,0,0,0,0,2,1
201,Magnetic Stirrers,27,27,198,0,187.68,4,0,1,4,14,4
202,Magnetic Stir Bars,50,50,198,0,14.67,26,16,5,1,0,2
203,Stirrer Accessories,1,1,198,0,72.79,0,0,0,1,0,0
204,Shaker Accessories,3,3,197,0,69.02,0,0,2,0,1,0
205,Orbital Shakers,4,4,197,0,265.83,0,0,0,0,3,1
206,Vortex Shakers,4,4,197,0,228.75,0,0,0,0,3,1
207,Rocking Shakers,1,1,197,0,0,0,0,0,0,0,1
208,Microscope Accessories,378,490,126,3,161.82,63,52,52,75,217,31
209,Slides,70,70,208,0,30.82,24,16,14,6,2,8
210,Slide Cover Slips,18,18,208,0,19.82,9,3,1,3,0,2
211,Slide Holders,24,24,208,0,14.19,7,12,2,0,0,3
212,Pipettes & Pipettors,18,143,125,12,27.25,73,27,15,6,6,16
213,Titrators,2,2,125,0,324.82,0,1,0,0,1,0
214,Dropping Pipettes,25,25,212,0,4.95,22,0,1,0,0,2
215,Transfer Pipettes,31,31,212,0,13.43,14,5,4,0,0,8
216,Pipette Tips,2,9,212,3,71.57,0,2,3,2,1,1
217,Pipettor Accessories,22,22,212,0,31.07,8,5,5,1,2,1
218,Measuring Pipettes,8,8,212,0,11.06,6,1,1,0,0,0
219,Diluter Dispensers,2,2,212,0,8.98,2,0,0,0,0,0
220,Single Channel Pipettors,6,6,212,0,64.54,0,2,0,2,1,1
221,Electronic Pipettors,2,2,212,0,0,0,0,0,0,0,2
222,Volumetric Pipettes,5,5,212,0,7.81,3,1,0,0,0,1
223,Pasteur Pipettes,6,6,212,0,20.68,3,1,1,1,0,0
224,Serological Pipettes,7,7,212,0,5.97,5,2,0,0,0,0
225,Microcapillary Pipettes,2,2,212,0,10.45,0,2,0,0,0,0
226,Specialty Pipette Tips,1,1,216,0,16.82,0,1,0,0,0,0
227,Universal Pipette Tips,4,4,216,0,49.19,0,0,2,2,0,0
228,Filtering Pipette Tips,2,2,216,0,173.99,0,0,1,0,1,0
229,Lab Cleaning Supplies,0,63,93,2,23.79,31,12,3,2,3,12
230,Lab Utensils,17,585,93,17,17.03,261,167,54,23,9,71
231,Lab Consumables,76,446,93,8,26.16,159,129,44,20,18,76
232,Autoradiography Supplies,1,1,93,0,0,0,0,0,0,0,1
233,Dialysis Supplies,2,2,93,0,18.23,1,0,1,0,0,0
234,pH Test Strips,153,153,231,0,15.77,43,64,14,2,1,29
235,Lab Swabs,28,28,231,0,45.33,11,5,3,0,3,6
236,Lab Weights,19,19,231,0,26.64,6,8,2,1,1,1
237,Lab Stoppers,5,139,231,3,8.83,90,23,4,2,1,19
238,Desiccants,8,8,231,0,11.74,2,4,0,0,0,2
239,Sample Bags,9,9,231,0,61.35,0,2,3,0,1,3
240,Agar Media,13,13,231,0,45.08,1,3,1,5,0,3
241,Boiling Stones,1,1,231,0,55.08,0,0,0,1,0,0
242,Rubber Stoppers,72,72,237,0,8.49,40,18,1,1,0,12
243,Corks,51,51,237,0,4.58,44,3,1,0,0,3
244,Cap Plugs,11,11,237,0,29.82,5,2,1,1,1,1
245,Lab Tweezers,89,89,230,0,14.27,39,18,15,0,0,17
246,Syringe Needles,66,66,230,0,11.92,40,17,5,1,0,3
247,Lab Scissors,33,33,230,0,23.36,15,8,5,1,2,2
248,Sharps Containers,11,11,230,0,21.59,3,6,0,1,0,1
249,Lab Knives & Scalpels,101,101,230,0,16.23,38,41,9,4,1,8
250,Dissection Equipment,120,120,230,0,15.78,58,40,8,8,0,6
251,Syringes,22,26,230,2,18.95,15,7,1,1,1,1
252,Cell Scrapers & Spreaders,5,5,230,0,28.41,0,3,0,1,0,1
253,Sieves,15,15,230,0,84.67,0,1,3,4,5,2
254,Lab Samplers,3,3,230,0,96.72,0,0,0,1,0,2
255,Stirring Rods,20,20,230,0,6.69,12,6,0,0,0,2
256,Lab Spoons,4,4,230,0,19.98,2,1,0,1,0,0
257,Dispensing Needles & Accessories,26,26,230,0,9.03,9,6,0,0,0,11
258,Lab Scoops,17,17,230,0,12.07,9,6,2,0,0,0
259,Lab Spatulas,20,20,230,0,8.43,14,1,2,0,0,3
260,Lab Tongs,8,11,230,1,13.8,4,0,2,0,0,5
261,Lab Ladles,1,1,230,0,0,0,0,0,0,0,1
262,Crucible Tongs,3,3,260,0,5.92,3,0,0,0,0,0
263,Gas-tight Syringes,2,2,251,0,7.25,2,0,0,0,0,0
264,Autosampler Syringes,2,2,251,0,6.0,1,0,0,0,0,1
265,Lab Cleaning Brushes,16,54,229,3,11.48,30,12,2,0,1,9
266,Ultrasonic Cleaners & Solution,9,9,229,0,116.1,1,0,1,2,2,3
267,Tube Cleaning Brushes,35,35,265,0,12.61,20,5,1,0,1,8
268,Beaker Cleaning Brushes,1,1,265,0,6.0,1,0,0,0,0,0
269,Antistatic Brushes,2,2,265,0,8.21,1,1,0,0,0,0
270,Beakers,172,172,92,0,23.51,67,43,30,10,4,18
271,Lab Bottles & Jars,95,477,92,10,28.98,171,114,87,28,22,55
272,Lab Tubes,23,150,92,7,32.53,55,43,12,13,9,18
273,Cylinders,107,107,92,0,14.72,45,24,11,2,0,25
274,Lab Dishes,6,86,92,7,25.08,32,22,12,5,4,11
275,Carboys,32,32,92,0,66.95,7,7,2,5,8,3
276,Crucibles,14,14,92,0,11.44,9,3,2,0,0,0
277,Lab Funnels,8,69,92,5,49.02,20,15,7,11,5,11
278,Supports & Apparatus,60,97,92,3,28.38,25,34,10,4,6,18
279,Lab Flasks,10,134,92,8,32.96,28,47,19,8,5,27
280,Lab Vials,10,91,92,5,34.94,33,18,15,6,7,12
281,Mortar & Pestles,18,18,92,0,61.38,2,6,2,0,2,6
282,Lab Bottletop Dispensers,10,10,92,0,251.39,2,0,1,1,5,1
283,Ampules,3,3,92,0,23.61,1,0,1,0,0,1
284,Burettes,8,15,92,2,52.58,0,7,4,2,2,0
285,Condensers,8,8,92,0,53.16,0,2,1,1,1,3
286,Microplates,3,6,92,3,51.76,2,0,2,0,1,1
287,Cuvettes,14,14,92,0,40.8,2,5,2,2,1,2
288,Storage Microplates,1,1,286,0,157.46,0,0,0,0,1,0
289,Filtering Microplates,1,1,286,0,7.95,1,0,0,0,0,0
290,Genomic Microplates,1,1,286,0,0,0,0,0,0,0,1
291,Automatic Burettes,4,4,284,0,127.21,0,0,1,1,2,0
292,Schellbach Burettes,3,3,284,0,38.17,0,1,1,1,0,0
293,Sample Vials,71,71,280,0,24.02,28,15,12,5,1,10
294,Drosophila Vials,1,1,280,0,0,0,0,0,0,0,1
295,Autosampler Vials,6,6,280,0,117.7,0,1,2,0,3,0
296,Scintillation Vials,2,2,280,0,165.31,0,0,0,0,2,0
297,EPA Vials,1,1,280,0,39.14,0,0,1,0,0,0
298,Erlenmeyer Flasks,53,53,279,0,19.4,11,20,8,2,0,12
299,Florence Flasks,7,7,279,0,10.31,3,3,0,0,0,1
300,Boiling Flasks,27,27,279,0,33.61,7,8,5,2,2,3
301,Distilling Flasks,3,3,279,0,43.38,0,1,1,1,0,0
302,Filtering Flasks,11,11,279,0,27.14,1,5,0,2,0,3
303,Cell Culture Flasks,1,1,279,0,0,0,0,0,0,0,1
304,Dewar Flasks,4,4,279,0,371.41,0,0,0,0,3,1
305,Volumetric Flasks,18,18,279,0,22.37,2,7,3,1,0,5
306,Test Tube Clamps,12,12,278,0,9.88,5,5,0,0,0,2
307,Support Rings,16,16,278,0,15.12,2,8,1,0,0,5
308,Distillation Apparatus,9,9,278,0,108.7,0,0,2,2,3,2
309,Filling Funnels,15,15,277,0,70.33,6,3,0,3,1,2
310,Separatory Funnels,18,18,277,0,62.15,1,2,5,5,2,3
311,Buchner Funnels,14,14,277,0,61.19,4,3,0,1,2,4
312,Filtering Funnels,8,8,277,0,8.99,5,1,0,0,0,2
313,Short Stem Funnels,6,6,277,0,11.18,1,5,0,0,0,0
314,Petri Dishes,49,49,274,0,25.23,17,11,10,1,2,8
315,Weighing Dishes,12,12,274,0,11.08,7,4,1,0,0,0
316,Watch Glasses,11,11,274,0,5.85,8,2,0,0,0,1
317,Evaporation Dishes,1,1,274,0,25.95,0,0,1,0,0,0
318,Lab Trays,3,3,274,0,77.47,0,0,0,2,1,0
319,Lab Pitchers,3,3,274,0,89.78,0,1,0,0,1,1
320,Cellware Chambers,1,1,274,0,82.9,0,0,0,1,0,0
321,PCR Tubes,1,1,272,0,4.05,1,0,0,0,0,0
322,Test Tubes,77,77,272,0,17.7,33,19,8,5,1,11
323,Capillary Tubes,7,7,272,0,44.22,1,4,0,1,1,0
324,High-Speed Centrifuge Tubes,12,12,272,0,92.84,5,0,1,0,3,3
325,Culture Tubes,15,15,272,0,69.21,4,4,1,2,3,1
326,Drying Tubes,1,1,272,0,11.0,0,1,0,0,0,0
327,Micro Centrifuge Tubes,14,14,272,0,50.98,2,5,2,3,1,1
328,Dropping Bottles,137,137,271,0,17.34,49,52,15,2,3,16
329,Environmental Bottles,14,14,271,0,21.94,7,1,0,2,0,4
330,Dispensing Bottles,69,69,271,0,25.89,35,14,11,4,3,2
331,Wash Bottles,83,83,271,0,17.74,42,11,15,4,1,10
332,Pump & Spray Bottles,21,21,271,0,8.12,14,4,0,0,0,3
333,Reagent Bottles,38,38,271,0,46.4,17,9,1,2,3,6
334,Media Bottles,13,13,271,0,45.8,1,4,3,2,1,2
335,Fluorinated Bottles,1,1,271,0,0,0,0,0,0,0,1
336,Serum Bottles,1,1,271,0,67.93,0,0,0,1,0,0
337,Centrifuge Bottles,5,5,271,0,166.19,0,0,0,0,4,1
338,Workholding,0,237,18,4,95.34,18,54,40,42,65,18
339,Bench Vises,200,200,338,0,102.52,12,35,37,40,62,14
340,Vertical Hold Down Clamps,4,4,338,0,19.33,0,3,0,0,0,1
341,Spring Plungers,12,16,338,3,17.78,6,8,0,2,0,0
342,Workholding Collets,17,17,338,0,104.93,0,8,3,0,3,3
343,Push Fit Ball Nose,2,2,341,0,34.38,1,0,0,1,0,0
344,Hex Nose,1,1,341,0,11.58,0,1,0,0,0,0
345,Ball Nose,1,1,341,0,71.99,0,0,0,1,0,0
346,Oral Hygiene & Preventive Care,0,2730,17,3,15.25,910,681,223,40,16,860
347,Handpieces & Instruments,3,7,17,2,82.44,1,3,1,0,2,0
348,Burs,3,3,347,0,12.98,1,2,0,0,0,0
349,Forceps,1,1,347,0,23.51,0,1,0,0,0,0
350,Toothpastes,1812,1812,346,0,15.74,550,500,164,28,7,563
351,Toothbrushes,915,915,346,0,14.14,360,181,57,11,9,297
352,Interdental Brushes,3,3,346,0,40.54,0,0,2,1,0,0
353,Enclosures & Cases,0,17,16,2,121.81,2,4,0,5,6,0
354,Belts,9,255,16,6,24.59,56,56,24,10,5,104
355,Bearings,12,940,16,12,17.67,408,300,101,27,11,93
356,Shock & Vibration Control,0,46,16,4,19.94,20,12,4,1,2,7
357,Roller Chain Sprockets,38,38,16,0,23.47,4,22,4,3,0,5
358,Gears,0,50,16,7,35.82,9,11,16,9,2,3
359,Springs,6,105,16,5,16.05,39,37,12,2,1,14
360,Chains,0,29,16,2,62.52,10,10,4,1,3,1
361,"Couplings, Collars & Universal Joiners",0,127,16,5,23.12,39,46,12,12,2,16
362,Ratchets & Pawls,12,12,16,0,68.4,1,2,1,3,2,3
363,Linear Motion Products,8,86,16,9,84.71,15,28,9,7,18,9
364,Gear Stock & Pinion Wire,1,1,16,0,14.75,0,1,0,0,0,0
365,Shafting,3,13,16,2,31.36,2,6,1,1,1,2
366,Lubricants and Oils,28,28,16,0,23.55,9,8,5,1,1,4
367,Control Cables,0,10,16,3,20.71,4,3,1,1,0,1
368,"Gearboxes, Gearheads & Speed Reducers",3,3,16,0,207.72,0,0,0,0,2,1
369,Power Take-Offs (PTO's),1,1,16,0,1.49,1,0,0,0,0,0
370,Brakes & Clutches,1,1,16,0,0,0,0,0,0,0,1
371,Control Cable Accessories,7,7,367,0,24.73,2,3,1,1,0,0
372,Control Cables,1,1,367,0,0,0,0,0,0,0,1
373,Control Cable Assemblies,2,2,367,0,6.66,2,0,0,0,0,0
374,Flexible Shafts,8,8,365,0,36.68,2,2,0,1,1,2
375,Keyed Shafts,2,2,365,0,21.73,0,2,0,0,0,0
376,Linear Motion Lead Screws,1,1,363,0,0,0,0,0,0,0,1
377,Linear Motion Actuators,20,20,363,0,252.14,0,2,0,2,16,0
378,Linear Bearings,1,49,363,3,26.94,12,20,8,3,2,4
379,Cross Roller Guides,1,1,363,0,24.99,0,1,0,0,0,0
380,Slide Rails,2,2,363,0,18.54,0,2,0,0,0,0
381,Ball Screws,1,1,363,0,53.73,0,0,0,1,0,0
382,Linear Motion Guides,2,2,363,0,36.75,1,0,0,1,0,0
383,Slide Packs,1,1,363,0,0,0,0,0,0,0,1
384,Roller Tables,1,1,363,0,0,0,0,0,0,0,1
385,Linear Ball Bearings,43,43,378,0,26.41,12,19,7,2,2,1
386,Track Runner Bearings,4,4,378,0,22.62,0,1,1,0,0,2
387,Linear Roller Bearings,1,1,378,0,0,0,0,0,0,0,1
388,Rigid Couplings,2,14,361,2,53.11,1,5,0,5,1,2
389,Universal Joints,2,7,361,1,31.93,0,2,3,0,0,2
390,Shaft Collars,2,68,361,3,12.65,30,26,3,2,0,7
391,Flexible Couplings,8,36,361,7,30.76,8,12,6,5,1,4
392,Shaft-Hub Locking Devices,2,2,361,0,12.71,0,1,0,0,0,1
393,Sliding Block Couplings,4,4,391,0,19.02,0,2,0,0,0,2
394,Spider Couplings,12,12,391,0,13.13,6,4,0,1,0,1
395,Beam Couplings,4,4,391,0,33.19,0,1,2,0,0,1
396,Roller Chain Couplings,3,3,391,0,29.59,0,2,0,1,0,0
397,Bellows Couplings,2,2,391,0,37.75,0,1,0,1,0,0
398,Gear & Sleeve Couplings,2,2,391,0,16.56,1,0,1,0,0,0
399,Multi-flex Couplings,1,1,391,0,43.05,0,0,1,0,0,0
400,Set-Screw Shaft Collars,42,42,390,0,10.09,25,9,2,1,0,5
401,Quick-Lock Shaft Collars,2,2,390,0,0,0,0,0,0,0,2
402,Clamp-On Shaft Collars,22,22,390,0,16.89,4,17,0,1,0,0
403,Pin & Block Universal Joints,5,5,389,0,31.93,0,2,3,0,0,0
404,Clamp-On Couplings,8,8,388,0,72.52,1,1,0,5,1,0
405,Set Screw Couplings,4,4,388,0,14.29,0,4,0,0,0,0
406,Roller Chains,25,25,360,0,17.1,10,10,3,1,0,1
407,Silent Chains,4,4,360,0,335.04,0,0,1,0,3,0
408,Compression Springs,53,53,359,0,13.34,17,22,2,1,0,11
409,Extension Springs,20,20,359,0,26.5,9,3,3,1,1,3
410,Torsion Springs,11,11,359,0,22.93,2,3,6,0,0,0
411,Gas Springs,12,12,359,0,12.06,5,6,1,0,0,0
412,Flat Springs,3,3,359,0,11.16,1,2,0,0,0,0
413,Spur Gears,22,22,358,0,31.44,6,5,3,4,1,3
414,Bevel & Miter Gears,7,7,358,0,27.46,1,3,2,1,0,0
415,Rack & Pinion Gears,3,3,358,0,46.57,2,0,0,0,1,0
416,Internal Gears,2,2,358,0,66.86,0,0,0,2,0,0
417,Helical Gears,2,2,358,0,44.52,0,0,2,0,0,0
418,Worm Gears,5,5,358,0,40.43,0,1,3,1,0,0
419,Change Gears,9,9,358,0,36.59,0,2,6,1,0,0
420,Vibration Damping Pads,24,24,356,0,15.95,12,3,4,1,0,4
421,Vibration Damping Mounts,13,13,356,0,12.56,5,7,0,0,0,1
422,Shock Absorbers,7,7,356,0,50.02,2,2,0,0,2,1
423,Vibration Sensors,2,2,356,0,7.73,1,0,0,0,0,1
424,Ball Bearings,49,498,355,2,17.3,211,168,60,9,5,45
425,Magnetic Bearings,2,2,355,0,30.09,0,1,1,0,0,0
426,Bushings & Bushed Bearings,17,75,355,5,20.92,21,20,8,5,1,20
427,Roller Bearings,1,120,355,4,15.21,67,31,12,5,1,4
428,Mounted Bearings,3,95,355,3,22.6,38,32,5,3,3,14
429,Jewel Bearings,2,2,355,0,17.06,0,2,0,0,0,0
430,Insert Bearings,7,7,355,0,11.79,3,2,0,0,0,2
431,Rod End Bearings,31,31,355,0,9.33,19,10,1,0,0,1
432,Precision Balls,76,76,355,0,14.97,38,27,8,2,0,1
433,Ball Transfers,11,11,355,0,15.71,7,0,4,0,0,0
434,Bearing Housings,8,8,355,0,12.64,2,4,1,0,0,1
435,Air Bearings,3,3,355,0,150.03,0,0,0,1,1,1
436,Pillow Block Bearings,46,46,428,0,19.16,9,22,2,2,1,10
437,Flange Block Bearings,45,45,428,0,23.68,29,9,3,1,1,2
438,Take-up Block Bearings,1,1,428,0,0,0,0,0,0,0,1
439,Tapered Roller Bearings,29,29,427,0,18.87,6,16,5,2,0,0
440,Cylindrical Roller Bearings,8,8,427,0,16.16,3,3,2,0,0,0
441,Needle Roller Bearings,73,73,427,0,14.87,49,12,5,3,1,3
442,Thrust Roller Bearings,9,9,427,0,5.29,9,0,0,0,0,0
443,Sleeve Bearings,18,18,426,0,20.2,2,6,3,0,0,7
444,Flanged Sleeve Bearings,31,31,426,0,10.44,13,6,0,1,0,11
445,Quick Disconnect Bushings,6,6,426,0,31.75,1,2,2,1,0,0
446,Tapered Locking Bushings,1,1,426,0,38.53,0,0,1,0,0,0
447,Split Tapered Locking Bushings,2,2,426,0,10.23,1,1,0,0,0,0
448,Radial Ball Bearings,13,421,424,2,17.94,179,151,50,9,5,27
449,Thrust Ball Bearings,28,28,424,0,9.85,17,6,2,0,0,3
450,Deep Groove Ball Bearings,399,399,448,0,17.97,171,148,45,9,5,21
451,Angular Contact Bearings,9,9,448,0,28.03,1,2,4,0,0,2
452,Conveyor Belts,1,1,354,0,45.26,0,0,1,0,0,0
453,V-Belts,192,192,354,0,23.38,34,42,18,7,2,89
454,Timing Belts,39,39,354,0,26.83,16,10,3,2,2,6
455,Round Belts & O-ring Belts,12,12,354,0,38.41,2,1,1,0,1,7
456,Flat Belts,1,1,354,0,0,0,0,0,0,0,1
457,Belt & Chain Tensioners,1,1,354,0,21.32,0,1,0,0,0,0
458,Carrying & Equipment Cases,16,16,353,0,128.56,2,3,0,5,6,0
459,Belt & Chain Drive Enclosures,1,1,353,0,13.7,0,1,0,0,0,0
460,Industrial Process Filtration,0,162,15,3,33.99,46,46,42,18,9,1
461,Compressed Air Treatment,3,50,15,4,88.54,5,9,11,9,14,2
462,Strainers,0,25,15,3,31.3,1,10,10,3,0,1
463,Lab Filters,5,69,15,7,48.95,18,8,13,11,7,12
464,Hydraulic Filtration,3,3,15,0,137.09,0,0,2,0,1,0
465,Inline Filters,2,2,463,0,59.89,0,0,0,1,0,1
466,Syringe Filters,22,22,463,0,67.09,4,4,5,1,4,4
467,Filter Membrane,2,2,463,0,63.03,0,0,1,1,0,0
468,Qualitative Filter Paper,18,18,463,0,14.09,12,2,4,0,0,0
469,Quantitative Filter Paper,7,7,463,0,22.83,2,1,1,1,0,2
470,Bottletop Filters,11,11,463,0,96.27,0,0,0,6,3,2
471,Centrifugal Filters,2,2,463,0,38.11,0,0,1,0,0,1
472,Basket Strainers,8,8,462,0,38.09,0,2,3,2,0,1
473,Y Strainers,12,12,462,0,33.27,0,4,7,1,0,0
474,T Strainers,5,5,462,0,17.06,1,4,0,0,0,0
475,"Filters, Regulators & Lubricators",0,37,461,4,99.8,1,5,11,9,10,1
476,"Air Dryers, Separators & Drains",4,4,461,0,81.15,1,1,0,0,2,0
477,Compressed Air Filter Cartridges,1,1,461,0,9.99,1,0,0,0,0,0
478,Pneumatic Mufflers,5,5,461,0,11.54,2,2,0,0,0,1
479,Regulators,17,17,475,0,127.13,0,1,6,4,5,1
480,Lubricators,4,4,475,0,26.13,0,2,2,0,0,0
481,Filter & Regulator Combos,8,8,475,0,64.08,1,1,2,1,3,0
482,"Filter, Regulator & Lubricator Combos",8,8,475,0,117.7,0,1,1,4,2,0
483,Filter Bags,32,32,460,0,10.53,21,8,3,0,0,0
484,Filter Cartridges,100,100,460,0,34.93,22,30,27,15,5,1
485,Filter Housings,30,30,460,0,55.88,3,8,12,3,4,0
486,Valves,26,455,14,16,30.73,126,148,68,39,21,53
487,"Tubing, Pipe, and Hose",0,643,14,4,37.69,138,179,135,51,45,95
488,Hydraulic Equipment,3,339,14,13,78.78,67,100,33,36,65,38
489,Fittings,0,1101,14,5,13.35,622,296,72,31,7,73
490,Seals & O-Rings,8,199,14,10,16.5,109,46,16,7,4,17
491,Pumps,20,114,14,10,151.39,9,15,14,24,41,11
492,Hose Nozzles,2,9,14,2,32.51,3,3,1,1,1,0
493,Cylinders & Accessories,0,7,14,2,159.95,1,3,0,0,1,2
494,Protective Caps,4,4,14,0,10.03,2,2,0,0,0,0
495,Flow Switches,8,8,14,0,12.58,6,1,0,1,0,0
496,Push-In Plugs,3,3,14,0,13.23,0,3,0,0,0,0
497,Hydraulic Lifting Cylinders,6,6,493,0,194.01,1,2,0,0,1,2
498,Hydraulic Cylinder Accessories,1,1,493,0,23.7,0,1,0,0,0,0
499,Dispensing Nozzles,2,2,492,0,32.1,1,0,0,1,0,0
500,Fire Hose Nozzles,5,5,492,0,44.89,0,3,1,0,1,0
501,Drum Pumps,39,39,491,0,79.23,5,10,5,10,7,2
502,Piston Pumps,1,1,491,0,176.11,0,0,0,0,1,0
503,Diaphragm Pumps,8,8,491,0,79.64,0,1,1,3,3,0
504,Jet Pumps,9,9,491,0,119.19,0,0,2,3,2,2
505,Centrifugal Pumps,9,9,491,0,355.14,0,0,0,0,7,2
506,Submersible Pumps,10,10,491,0,405.07,0,0,2,1,7,0
507,Peristaltic Metering Pumps,3,3,491,0,216.64,0,0,0,0,2,1
508,Flexible Impeller Pumps,8,8,491,0,33.34,3,0,3,2,0,0
509,Rotary Vane Pumps,6,6,491,0,84.9,0,0,1,3,2,0
510,Gear Pumps,1,1,491,0,16.0,0,1,0,0,0,0
511,O-Rings,123,123,490,0,9.3,82,27,5,0,1,8
512,Diaphragm Seals,2,2,490,0,69.55,0,0,0,1,0,1
513,Gaskets,6,31,490,3,16.71,15,9,3,2,0,2
514,Strapping Seals & Sealers,16,16,490,0,74.08,0,2,6,4,3,1
515,Magnetic Seals,2,2,490,0,9.98,1,1,0,0,0,0
516,Lip Seals,7,7,490,0,5.79,6,0,0,0,0,1
517,Door Seals,3,3,490,0,15.99,0,1,0,0,0,2
518,Radial Shaft Seals,1,1,490,0,5.31,1,0,0,0,0,0
519,Mechanical Seals,4,4,490,0,16.44,2,0,1,0,0,1
520,Rope Seals,2,2,490,0,13.71,1,1,0,0,0,0
521,Tape Gaskets,9,9,513,0,25.98,2,5,0,2,0,0
522,Sheet & Die-Cut Gaskets,13,13,513,0,12.79,7,4,1,0,0,1
523,Window Gaskets,3,3,513,0,27.0,1,0,2,0,0,0
524,Tube Fittings,9,311,489,11,11.37,183,73,16,5,1,33
525,Hose Fittings,22,298,489,8,18.33,125,98,30,14,5,26
526,Pipe Fittings,479,479,489,0,11.54,310,119,23,12,1,14
527,Manifold Fittings,4,4,489,0,25.02,0,2,2,0,0,0
528,Expansion Plugs,9,9,489,0,12.87,4,4,1,0,0,0
529,Fire Hose Fittings,8,8,525,0,27.96,0,5,1,1,0,1
530,Hose Clamps,24,145,525,7,19.9,44,51,19,10,1,20
531,Quick Connect Hose Fittings,26,26,525,0,10.72,13,11,2,0,0,0
532,Cam & Groove Hose Fittings,32,32,525,0,16.54,17,10,4,1,0,0
533,Barbed Hose Fittings,34,34,525,0,7.63,24,9,0,0,0,1
534,Hydraulic Hose Fittings,15,15,525,0,10.44,11,3,1,0,0,0
535,Universal Hose Fittings,10,10,525,0,22.92,4,3,1,0,1,1
536,Push-On Hose Fittings,6,6,525,0,6.64,6,0,0,0,0,0
537,Worm Gear Hose Clamps,83,83,530,0,12.88,33,33,6,2,0,9
538,Snap Grip Hose Clamps,5,5,530,0,6.1,1,0,0,0,0,4
539,T-Bolt Hose Clamps,10,10,530,0,26.22,1,1,5,0,0,3
540,Spring Hose Clamps,8,8,530,0,10.68,5,3,0,0,0,0
541,Ear Clamps,11,11,530,0,40.07,1,2,2,4,0,2
542,Hose Clamping Tools,3,3,530,0,18.06,1,1,1,0,0,0
543,Band Hose Clamps,1,1,530,0,11.06,0,1,0,0,0,0
544,Barbed Fittings,5,53,524,6,19.06,25,10,3,3,1,11
545,Compression Fittings,28,77,524,6,14.29,34,29,10,1,0,3
546,Flared Tube Fittings,16,16,524,0,5.23,15,1,0,0,0,0
547,Push-to-connect Fittings,88,88,524,0,6.67,73,12,2,0,0,1
548,Luer Fittings,6,21,524,7,13.56,3,5,0,0,0,13
549,Quick-connect Fittings,4,7,524,1,9.06,2,3,0,0,0,2
550,Sanitary Fittings,14,14,524,0,10.82,8,5,1,0,0,0
551,Threaded-to-barbed Fittings,4,4,524,0,9.18,1,0,0,0,0,3
552,Manifold Tube Fittings,2,2,524,0,19.19,0,2,0,0,0,0
553,Microbore Tubing Connectors,16,16,524,0,9.81,10,6,0,0,0,0
554,Threaded Tube Fittings,4,4,524,0,4.85,4,0,0,0,0,0
555,Quick-connect-to-barbed Fittings,3,3,549,0,7.12,1,1,0,0,0,1
556,Luer-to-barbed Fittings,1,7,548,3,16.57,1,3,0,0,0,3
557,Luer Lock Rings,3,3,548,0,11.88,1,1,0,0,0,1
558,Luer Cap Fittings,1,1,548,0,0,0,0,0,0,0,1
559,Luer-to-threaded Fittings,0,1,548,1,0,0,0,0,0,0,1
560,Luer Stopcocks,1,1,548,0,13.0,0,1,0,0,0,0
561,Luer Plugs,1,1,548,0,0,0,0,0,0,0,1
562,Luer Tee Fittings,1,1,548,0,5.45,1,0,0,0,0,0
563,Luer-to-threaded Panel Mount Fittings,1,1,559,0,0,0,0,0,0,0,1
564,Luer-to-barbed Bulkhead Fittings,3,3,556,0,12.44,1,1,0,0,0,1
565,Luer-to-barbed Straight Fittings,1,1,556,0,0,0,0,0,0,0,1
566,Luer-to-barbed Elbow Fittings,2,2,556,0,20.7,0,2,0,0,0,0
567,Compression Bulkhead Fittings,32,32,545,0,12.97,17,12,3,0,0,0
568,Compression Union Fittings,0,3,545,1,37.07,0,1,2,0,0,0
569,Compression Elbow Fittings,3,3,545,0,3.24,2,0,0,0,0,1
570,Compression Fitting Ferrules,7,7,545,0,18.68,2,2,2,0,0,1
571,Compression Fitting Nuts,3,3,545,0,9.9,1,1,0,0,0,1
572,Compression Cap Fittings,1,1,545,0,5.45,1,0,0,0,0,0
573,Compression Union Reducers,3,3,568,0,37.07,0,1,2,0,0,0
574,Barbed Elbow Fittings,25,25,544,0,10.74,15,3,2,0,0,5
575,Barbed Tee Fittings,4,4,544,0,9.8,1,1,0,0,0,2
576,Barbed Reducer Fittings,3,3,544,0,86.16,0,0,0,1,0,2
577,Barbed Manifold Fittings,3,3,544,0,104.55,0,0,0,2,1,0
578,Barbed Y Fittings,3,3,544,0,21.55,0,2,1,0,0,0
579,Barbed Straight Fittings,10,10,544,0,5.12,9,1,0,0,0,0
580,Valves,147,147,488,0,37.85,38,50,19,16,10,14
581,Pumps,41,41,488,0,186.52,1,2,6,7,21,4
582,Fittings,18,18,488,0,135.4,3,3,2,2,7,1
583,Couplings,31,31,488,0,12.16,16,12,1,1,0,1
584,Power Units,17,17,488,0,238.33,0,0,2,3,10,2
585,Gauges,26,26,488,0,70.45,2,13,1,4,5,1
586,Mounting Brackets,8,8,488,0,38.55,3,3,0,1,1,0
587,Pillow Blocks,5,5,488,0,16.85,2,2,1,0,0,0
588,Adapters,6,6,488,0,34.72,0,5,0,0,1,0
589,Cylinders,26,26,488,0,78.3,0,6,1,1,3,15
590,Tanks & Reservoirs,8,8,488,0,186.55,0,1,0,1,6,0
591,Motors,2,2,488,0,5.49,2,0,0,0,0,0
592,Breather Caps,1,1,488,0,17.0,0,1,0,0,0,0
593,Hoses,71,179,487,9,53.4,26,50,34,20,24,25
594,Tubing,3,313,487,4,23.46,72,93,71,15,4,58
595,Pipes,134,134,487,0,48.62,36,32,24,14,17,11
596,Structural Hollow Bar,17,17,487,0,29.19,4,4,6,2,0,1
597,Plastic Tubing,223,223,594,0,24.75,46,72,58,13,3,31
598,Metal Tubing,57,57,594,0,17.01,15,14,5,2,0,21
599,Rubber Tubing,18,18,594,0,29.99,4,4,5,0,1,4
600,Glass Tubing,12,12,594,0,12.54,7,3,2,0,0,0
601,Water Hoses,18,18,593,0,42.78,1,8,4,1,2,2
602,Hose Assemblies,16,16,593,0,37.59,2,2,8,1,1,2
603,Suction Hoses,19,19,593,0,74.79,0,0,3,8,5,3
604,Hydraulic Hoses,19,19,593,0,25.75,5,9,3,0,1,1
605,Material Handling Hoses,3,3,593,0,101.05,0,1,0,0,1,1
606,Duct Hoses,25,25,593,0,136.92,1,2,2,5,10,5
607,Blower Hoses,2,2,593,0,107.49,0,1,0,0,1,0
608,Chemical Hoses,3,3,593,0,37.04,0,1,1,1,0,0
609,Vacuum Hoses,3,3,593,0,17.0,0,3,0,0,0,0
610,Ball Valves,155,155,486,0,23.09,64,40,20,10,3,18
611,Relief Valves,33,33,486,0,16.25,9,17,5,0,0,2
612,Check Valves,61,61,486,0,25.93,20,22,8,5,3,3
613,Hydraulic Directional Control Valves,11,11,486,0,149.8,0,0,2,3,6,0
614,Float Valves,41,41,486,0,20.18,10,20,7,2,0,2
615,Control Valves,16,16,486,0,45.34,5,5,3,1,2,0
616,Solenoid Valves,67,67,486,0,27.07,6,25,9,7,0,20
617,Pressure Regulators,7,7,486,0,59.48,1,0,1,2,2,1
618,Plug Valves,9,9,486,0,84.46,2,2,1,2,2,0
619,Filter Valves,2,2,486,0,60.41,0,0,1,1,0,0
620,Needle Valves,7,7,486,0,28.36,1,2,3,1,0,0
621,Diaphragm Valves,1,1,486,0,0,0,0,0,0,0,1
622,Gate Valves,16,16,486,0,23.93,1,7,5,1,0,2
623,Toggle Valves,1,1,486,0,118.25,0,0,0,0,1,0
624,Globe Valves,1,1,486,0,9.34,1,0,0,0,0,0
625,Butterfly Valves,1,1,486,0,148.91,0,0,0,0,1,0
626,Epoxy Adhesives,106,178,13,2,29.62,50,57,35,11,9,16
627,Adhesive Tapes,171,987,13,7,15.1,458,282,88,25,7,127
628,Caulk,1,356,13,8,17.09,157,107,30,13,5,44
629,Industrial Sealants,68,221,13,3,21.93,96,68,17,7,8,25
630,Hot Melt Adhesives,7,7,13,0,40.45,1,4,0,1,1,0
631,Cyanoacrylate Adhesives,207,207,13,0,12.37,121,38,20,2,2,24
632,Conductive Adhesives,13,13,13,0,13.32,6,5,1,0,0,1
633,Silicone Adhesives,133,133,13,0,19.95,51,43,26,1,5,7
634,Thread Locking Adhesives,32,32,13,0,17.43,9,10,8,0,0,5
635,Coatings,36,36,13,0,40.91,0,13,13,6,2,2
636,Aerosol Adhesives,13,13,13,0,28.23,3,6,0,1,1,2
637,Industrial Lubricants,137,137,13,0,22.55,51,37,18,12,2,17
638,Contact Cements,97,97,13,0,19.18,40,33,11,4,2,7
639,Acrylic Adhesives,20,20,13,0,35.54,1,3,9,3,0,4
640,Water-based Adhesives,1,1,13,0,9.3,1,0,0,0,0,0
641,Retaining Compounds,15,15,13,0,26.5,2,6,4,2,0,1
642,Urethane Adhesives,3,49,13,1,23.75,19,12,5,5,1,7
643,Solvent-based Adhesives,12,12,13,0,20.31,4,6,1,1,0,0
644,Adhesive Dispensers,12,12,13,0,20.52,5,3,3,1,0,0
645,Resorcinol Adhesives,5,5,13,0,21.13,2,1,0,1,0,1
646,UV-curable Adhesives,1,1,13,0,0,0,0,0,0,0,1
647,Adhesive Dots,2,2,13,0,37.03,1,0,0,1,0,0
648,Urea Resin Adhesives,1,1,13,0,15.99,0,1,0,0,0,0
649,Light Cure Pens,2,2,13,0,38.86,0,1,0,1,0,0
650,Adhesive Primers,1,1,13,0,20.43,0,1,0,0,0,0
651,Polyvinyl Acetate Adhesives,1,1,13,0,15.5,0,1,0,0,0,0
652,Polyurethane Adhesives,46,46,642,0,23.45,19,12,4,5,1,5
653,Thread Sealants,125,125,629,0,21.4,68,31,9,5,5,7
654,Joint Sealants,17,17,629,0,35.15,8,7,0,0,2,0
655,Gasket Sealants,8,11,629,2,15.31,4,3,2,0,0,2
656,Gasket Removers,2,2,655,0,15.45,0,1,0,0,0,1
657,Gasket Makers,1,1,655,0,33.53,0,0,1,0,0,0
658,Adhesive Caulk,233,233,628,0,18.91,99,75,21,9,5,24
659,Rope Caulk,10,10,628,0,16.82,6,2,0,1,0,1
660,Latex Caulk,19,19,628,0,16.18,7,2,3,1,0,6
661,Silicone Caulk,70,70,628,0,11.36,37,18,4,1,0,10
662,High Temperature Caulk,8,8,628,0,20.96,1,3,2,0,0,2
663,Tape Caulk,8,8,628,0,10.97,4,4,0,0,0,0
664,Vinyl Caulk,1,1,628,0,3.5,1,0,0,0,0,0
665,Fire Barrier Caulk,6,6,628,0,19.71,2,2,0,1,0,1
666,Electrical Tape,169,169,627,0,12.62,91,48,12,4,0,14
667,Duct Tape,451,451,627,0,12.0,243,127,25,1,2,53
668,Painters Tape,89,89,627,0,16.86,48,17,8,7,1,8
669,Filament Tape,4,4,627,0,7.38,2,2,0,0,0,0
670,Hook and Loop Strips,64,64,627,0,20.92,13,12,10,3,0,26
671,High Temperature Tape,37,37,627,0,17.22,14,12,3,0,1,7
672,Friction Tape,2,2,627,0,13.19,1,1,0,0,0,0
673,Tile Epoxy Adhesives,59,59,626,0,27.24,24,19,7,3,3,3
674,Metal Filled Epoxies,13,13,626,0,21.59,5,2,6,0,0,0
675,Pulling & Lifting,0,1273,12,15,91.42,261,289,151,150,262,160
676,Jacks,11,176,12,4,98.25,5,28,42,41,43,17
677,Securing Straps,390,390,12,0,24.88,108,148,48,28,9,49
678,Dollies,292,292,12,0,109.37,7,16,58,79,93,39
679,Panel Carriers,22,22,12,0,32.71,6,6,6,2,1,1
680,Roller Stands,50,50,12,0,76.78,3,8,12,11,11,5
681,Casters,23,607,12,3,23.58,216,211,63,31,12,74
682,Service Carts,126,126,12,0,151.09,5,12,11,18,55,25
683,Platform Trucks,37,37,12,0,167.65,0,0,4,8,17,8
684,Ramps,59,59,12,0,123.91,0,4,6,17,27,5
685,Industrial Magnets,20,370,12,3,16.49,158,141,35,4,4,28
686,Pallet Trucks,39,39,12,0,411.87,0,0,7,1,27,4
687,Material Lifts,9,9,12,0,611.9,1,0,0,0,3,5
688,Jack Accessories,8,8,12,0,56.6,0,0,2,2,0,4
689,Drum & Pail Handling Equipment,6,84,12,7,41.73,9,20,28,10,6,11
690,Lift Tables,26,26,12,0,438.35,0,2,1,1,14,8
691,Pallets,19,19,12,0,108.68,0,1,3,6,2,7
692,HVAC Equipment,45,113,12,4,110.95,3,9,15,24,47,15
693,Coil Chains,10,10,12,0,71.02,0,1,3,2,2,2
694,Pneumatic Equipment,0,34,12,2,27.61,13,13,6,1,1,0
695,Hydraulic Lifting Pumps,1,1,12,0,11.99,0,1,0,0,0,0
696,Forklifts,32,32,12,0,144.17,3,7,5,2,12,3
697,Loading Dock Plates,5,5,12,0,399.12,0,0,0,0,5,0
698,Wheels,8,23,12,5,18.35,5,11,5,0,0,2
699,Machine Tool Safety Accessories,49,49,12,0,34.38,11,17,10,9,1,1
700,Loading Dock Bumpers,17,17,12,0,59.09,0,3,8,3,2,1
701,Loading Dock Levelers,4,4,12,0,108.34,0,1,1,0,2,0
702,Pallet Strappers,4,4,12,0,108.44,0,0,1,1,2,0
703,Personnel Lifts,0,1,12,1,18.34,0,1,0,0,0,0
704,Boom Lifts,1,1,703,0,18.34,0,1,0,0,0,0
705,Pneumatic Wheels,1,1,698,0,25.99,0,0,1,0,0,0
706,V-Grooved Wheels,8,8,698,0,16.34,1,5,1,0,0,1
707,Pallet & Lift Truck Wheels,2,2,698,0,34.95,0,0,2,0,0,0
708,Conveyor & Skate Wheels,1,1,698,0,6.22,1,0,0,0,0,0
709,Drive Rollers & Contact Wheels,3,3,698,0,30.98,0,1,1,0,0,1
710,Pneumatic Accessories,27,27,694,0,28.34,13,8,4,1,1,0
711,Air Cylinders,7,7,694,0,24.8,0,5,2,0,0,0
712,HVAC Controls,8,8,692,0,128.88,0,0,3,2,2,1
713,HVAC Blowers,41,41,692,0,126.5,0,1,0,10,27,3
714,HVAC Fans & Circulators,17,17,692,0,162.3,0,2,3,1,9,2
715,HVAC Condensate Pumps,2,2,692,0,154.34,0,0,0,0,2,0
716,Drum & Pail Faucets,9,9,689,0,39.17,2,3,2,1,1,0
717,Drum & Pail Liners,38,38,689,0,35.73,1,5,20,5,0,7
718,Drum & Pail Deheaders,6,6,689,0,54.11,1,1,1,1,1,1
719,Drum & Pail Mixers,3,3,689,0,15.66,1,1,0,0,0,1
720,Drum & Pail Openers & Closers,2,2,689,0,13.68,1,1,0,0,0,0
721,Drum & Pail Lids,16,16,689,0,23.9,1,9,4,1,0,1
722,Drum & Pail Heaters,4,4,689,0,167.88,0,0,0,1,3,0
723,Rare Earth Magnets,314,314,685,0,16.29,134,122,28,0,4,26
724,Alnico Magnets,10,10,685,0,14.45,6,2,1,1,0,0
725,Flexible Magnets,26,26,685,0,20.36,10,7,5,2,0,2
726,Plate Casters,353,353,681,0,30.84,107,121,44,27,12,42
727,Stem Casters,219,219,681,0,12.63,97,83,16,2,0,21
728,Ball Casters,12,12,681,0,9.1,9,3,0,0,0,0
729,Pump Jacks,2,2,676,0,41.59,1,0,0,1,0,0
730,Floor Jacks,81,81,676,0,117.97,1,15,19,17,26,3
731,Bottle Jacks,81,81,676,0,85.0,0,12,20,21,16,12
732,Tongue Jacks,1,1,676,0,56.99,0,0,0,1,0,0
733,Chain & Rope Fittings,0,213,675,12,22.19,96,64,13,14,6,20
734,Hoists & Accessories,0,105,675,3,108.06,6,20,16,18,32,13
735,Lift Magnets,211,211,675,0,24.74,84,90,15,4,8,10
736,Winches,385,425,675,2,187.03,15,46,43,74,170,77
737,Chains,47,47,675,0,32.35,6,14,15,5,1,6
738,Pulley Blocks,2,21,675,3,42.09,1,8,2,2,2,6
739,Load Binders,23,23,675,0,31.1,1,11,5,3,1,2
740,Trolleys,30,30,675,0,127.38,0,2,3,9,11,5
741,Cable & Wire Rope,80,80,675,0,33.41,21,19,15,6,4,15
742,Lifting Cranes,1,9,675,2,214.24,0,0,1,1,7,0
743,Slings,2,25,675,4,34.11,3,9,8,1,2,2
744,Lifting Clamps,18,18,675,0,228.95,0,0,2,4,12,0
745,Fibrous Rope,59,59,675,0,28.33,27,6,11,8,3,4
746,Sheaves,4,4,675,0,246.42,0,0,1,0,3,0
747,Hoist Rings,3,3,675,0,42.61,1,0,1,1,0,0
748,Web Slings,16,16,743,0,40.86,1,6,5,1,2,1
749,Chain Slings,1,1,743,0,44.0,0,0,1,0,0,0
750,Round Slings,3,3,743,0,21.75,0,1,1,0,0,1
751,Wire Rope Slings,3,3,743,0,18.54,1,1,1,0,0,0
752,Jib Cranes,7,7,742,0,198.93,0,0,1,0,6,0
753,Hydraulic Cranes,1,1,742,0,86.69,0,0,0,1,0,0
754,Snatch Blocks,14,14,738,0,40.87,0,7,1,1,1,4
755,Mounted Blocks,2,2,738,0,8.79,1,1,0,0,0,0
756,Shell Blocks,3,3,738,0,101.24,0,0,0,0,1,2
757,Power Winches,19,33,736,2,247.93,0,2,3,6,17,5
758,Manual Winches,7,7,736,0,54.3,0,2,2,2,1,0
759,Electric Winches,8,8,757,0,100.38,0,0,2,4,2,0
760,Hydraulic Winches,6,6,757,0,50.35,0,1,1,0,1,3
761,Power Hoists,3,12,734,2,220.49,0,0,0,1,5,6
762,Manual Hoists,1,70,734,3,119.92,2,12,13,14,27,2
763,Hoist Accessories,23,23,734,0,25.79,4,8,3,3,0,5
764,Ratchet Puller Hoists,50,50,762,0,104.77,2,10,13,10,15,0
765,Hand Chain Hoists,9,9,762,0,197.83,0,1,0,1,7,0
766,Lever Hoists,10,10,762,0,126.2,0,1,0,3,5,1
767,Electric Hoists,8,8,761,0,252.64,0,0,0,0,5,3
768,Air Hoists,1,1,761,0,0,0,0,0,0,0,1
769,S-Hooks,76,76,733,0,15.48,47,17,1,3,1,7
770,Turnbuckles,6,6,733,0,68.23,1,2,0,1,1,1
771,Shackles,21,21,733,0,31.23,2,8,5,0,1,5
772,Wire Rope Clamps,5,5,733,0,16.57,3,0,0,1,0,1
773,Grab Hooks,40,40,733,0,27.98,8,20,5,5,1,1
774,Wire Rope Sleeves,35,35,733,0,8.5,25,9,0,0,0,1
775,Chain Links,2,2,733,0,115.8,0,0,1,0,1,0
776,Wire Rope Thimbles,11,11,733,0,8.67,6,3,0,0,0,2
777,Swivels,1,1,733,0,94.4,0,0,0,1,0,0
778,Wire Rope Clips,7,7,733,0,16.29,2,2,1,0,0,2
779,Wire Rope Eye Fittings,4,4,733,0,33.62,2,1,0,1,0,0
780,Slip Hooks,5,5,733,0,61.34,0,2,0,2,1,0
781,Floor Care,0,1893,11,6,81.45,254,462,290,219,400,268
782,Waste Receptacles & Liners,0,478,11,4,78.29,27,71,124,107,102,47
783,Restroom Fixtures,2,152,11,4,174.68,4,14,10,21,81,22
784,Cleaning Tools,2,567,11,9,33.2,116,183,96,62,33,77
785,Paper Products,0,552,11,8,33.26,58,138,234,80,3,39
786,Odor & Drain Maintainers,0,292,11,4,51.74,48,66,64,46,17,51
787,Cleaning Chemicals,0,765,11,12,34.27,117,185,187,134,14,128
788,Personal Care Products,1,289,11,6,34.92,38,67,91,48,4,41
789,Feminine Hygiene Products,19,19,788,0,38.56,3,2,9,4,0,1
790,Hand Soaps,165,165,788,0,36.28,19,26,56,31,1,32
791,Soap & Lotion Dispensers,32,32,788,0,43.94,4,12,7,6,2,1
792,Hand Creams & Lotions,54,54,788,0,24.46,11,20,12,3,1,7
793,Sanitary Products Receptacles,7,7,788,0,34.11,1,2,2,2,0,0
794,Personal Care Product Dispensers,11,11,788,0,31.36,0,5,4,2,0,0
795,All-Purpose Cleaners,293,293,787,0,33.37,49,82,64,44,10,44
796,Glass Cleaners,41,41,787,0,27.61,8,11,13,3,0,6
797,Laundry Supplies,13,140,787,8,43.58,20,20,32,35,4,29
798,Cleaning Supply Dispensers,46,46,787,0,28.05,4,13,12,4,0,13
799,Dish Detergents,19,19,787,0,37.09,3,4,6,4,0,2
800,Bathroom Cleaners,106,106,787,0,29.3,19,24,27,16,0,20
801,Metal Polishes,17,17,787,0,21.1,4,7,4,1,0,1
802,Disinfectants,32,32,787,0,31.45,3,10,8,6,0,5
803,Furniture & Wood Polishers,19,19,787,0,34.7,5,4,3,6,0,1
804,Degreasers,11,11,787,0,29.57,1,3,4,2,0,1
805,Dishwasher Detergents,29,29,787,0,47.64,1,4,9,11,0,4
806,Lab Detergents,12,12,787,0,34.38,0,3,5,2,0,2
807,Lint Removers,14,14,797,0,12.52,7,4,1,0,0,2
808,Stain Removers,21,21,797,0,29.33,1,7,2,3,0,8
809,Bleach,17,17,797,0,29.77,2,5,6,1,0,3
810,Laundry Detergent,54,54,797,0,55.39,3,1,17,23,2,8
811,Fabric Deodorizer,1,1,797,0,57.66,0,0,0,1,0,0
812,Fabric Softener,14,14,797,0,36.97,3,1,5,3,0,2
813,Laundry Starch,3,3,797,0,39.4,0,0,1,0,0,2
814,Anti-static Sprays,3,3,797,0,10.35,2,1,0,0,0,0
815,Air Fresheners,190,190,786,0,29.76,37,38,43,29,1,42
816,Drain Openers,33,33,786,0,43.36,6,10,5,5,3,4
817,Janitorial Deodorizers,32,32,786,0,41.9,2,9,10,9,1,1
818,Drain Cleaning Equipment,37,37,786,0,166.94,3,9,6,3,12,4
819,Paper Towels,164,164,785,0,35.94,11,34,87,24,1,7
820,Facial Tissues,39,39,785,0,35.6,5,10,12,11,0,1
821,Paper Towel Dispensers & Holders,0,103,785,2,33.11,9,30,44,10,1,9
822,Toilet Paper Holders,107,107,785,0,26.04,21,38,27,9,1,11
823,Toilet Tissue Dispensers,35,35,785,0,27.46,6,6,14,2,0,7
824,Toilet Tissue,92,92,785,0,38.75,4,15,46,23,0,4
825,Toilet Seat Cover Dispensers,7,7,785,0,17.6,2,4,1,0,0,0
826,Toilet Seat Covers,5,5,785,0,30.01,0,1,3,1,0,0
827,Paper Towel Dispensers,63,63,821,0,35.41,7,12,30,7,1,6
828,Paper Towel Holders,40,40,821,0,29.56,2,18,14,3,0,3
829,Dusting Supplies,0,131,784,4,32.38,19,52,25,12,6,17
830,Disposable Wipes,97,97,784,0,49.51,4,18,27,33,7,8
831,Scouring Pads,34,34,784,0,25.18,8,12,5,4,0,5
832,Cleaning Brushes,160,160,784,0,25.6,50,48,24,7,8,23
833,Squeegees,80,80,784,0,23.36,19,37,11,2,3,8
834,Sponges,47,47,784,0,28.26,13,13,3,4,2,12
835,Janitor-Housekeeping Carts,10,10,784,0,146.65,0,1,0,0,7,2
836,Toilet Plungers & Holders,3,3,784,0,7.87,1,0,0,0,0,2
837,Microfiber Cloths,3,3,784,0,15.04,2,0,1,0,0,0
838,Feather Dusters,58,58,829,0,33.3,9,24,9,4,4,8
839,Dust Mop Refill Pads,17,17,829,0,24.28,5,8,2,2,0,0
840,Dust Mops,37,37,829,0,29.96,3,16,10,2,1,5
841,Dust Cloths,19,19,829,0,43.67,2,4,4,4,1,4
842,Commercial Bathroom Sink Faucets,110,110,783,0,144.66,4,14,6,17,53,16
843,Hand Dryers,32,32,783,0,315.63,0,0,0,0,26,6
844,Baby Changing Stations,6,6,783,0,101.58,0,0,4,0,2,0
845,Stall Parts,2,2,783,0,70.51,0,0,0,2,0,0
846,Trash Cans,385,385,782,0,86.36,24,60,77,92,97,35
847,Smoking Receptacles,24,24,782,0,67.88,0,1,10,8,5,0
848,Trash Bags & Liners,4,68,782,1,33.49,3,9,37,7,0,12
849,Trash Pickers,1,1,782,0,12.95,0,1,0,0,0,0
850,Can Liners,64,64,848,0,35.06,0,9,37,7,0,11
851,Vacuums,0,965,781,4,105.66,146,212,104,77,292,134
852,Mopping Supplies,0,218,781,3,41.33,30,80,46,26,21,15
853,Sweeping Supplies,0,158,781,2,24.41,28,74,25,10,3,18
854,Floor & Carpet Cleaning Supplies,6,356,781,8,71.86,48,82,61,35,37,93
855,Matting,194,194,781,0,74.38,0,14,54,71,47,8
856,Floor Stand Signs,2,2,781,0,6.45,2,0,0,0,0,0
857,Carpet Steamers,49,49,854,0,212.06,2,6,4,0,11,26
858,Carpet Cleaners & Deodorizers,106,106,854,0,49.03,23,29,11,15,6,22
859,Carpet Sweepers,31,31,854,0,78.53,0,0,11,7,4,9
860,Floor Polishers,17,17,854,0,263.95,1,2,0,1,5,8
861,Floor Cleaners,120,120,854,0,52.3,14,34,28,12,9,23
862,Floor Machine Pads,16,16,854,0,26.41,5,5,4,0,1,1
863,Carpet Steamer Accessories,4,4,854,0,24.57,0,2,1,0,0,1
864,Rotary Floor Brushes & Pad Drivers,7,7,854,0,23.83,0,3,2,0,0,2
865,Dustpans,41,41,853,0,27.66,10,13,11,2,1,4
866,Brooms,15,117,853,3,23.25,18,61,14,8,2,14
867,Angle Brooms,37,37,866,0,19.55,8,20,3,3,0,3
868,Push Brooms,58,58,866,0,27.26,7,28,7,4,2,10
869,Hand Brooms,7,7,866,0,12.29,1,5,0,0,0,1
870,Wet Mops,118,118,852,0,30.58,20,45,33,8,4,8
871,Buckets,66,66,852,0,71.41,6,12,10,16,17,5
872,Accessories,14,34,852,2,20.93,4,23,3,2,0,2
873,Mop Handles,19,19,872,0,15.41,1,17,0,0,0,1
874,Replacement Mop Heads,1,1,872,0,13.32,0,1,0,0,0,0
875,Wet-Dry Vacuum Accessories,184,184,851,0,33.91,33,71,44,22,10,4
876,Indoor Vacuum Accessories,44,292,851,6,25.06,100,109,37,9,10,27
877,Wet-Dry Vacuums,205,205,851,0,160.19,6,20,18,33,108,20
878,Indoor Vacuums,23,284,851,5,225.99,7,12,5,13,164,83
879,Upright Vacuums,165,165,878,0,244.14,3,2,0,2,112,46
880,Handheld Vacuums,18,18,878,0,113.65,1,1,0,6,6,4
881,Robotic Vacuums,18,18,878,0,237.79,1,4,0,0,8,5
882,Canister Vacuums,57,57,878,0,258.34,1,1,2,4,31,18
883,Stick Vacuums & Electric Brooms,3,3,878,0,108.85,0,0,0,1,1,1
884,Vacuum Filters,10,90,876,3,18.22,34,34,15,2,1,4
885,Vacuum Fittings,30,30,876,0,27.04,7,10,5,2,1,5
886,Vacuum Hoses,19,19,876,0,43.53,0,11,3,0,2,3
887,Vacuum Bags,16,78,876,2,36.2,22,34,7,1,5,9
888,Vacuum Belts,28,28,876,0,5.74,23,3,0,0,0,2
889,Vacuum Pads,3,3,876,0,44.84,0,2,0,1,0,0
890,Canister Bags,21,21,887,0,59.39,3,9,2,0,3,4
891,Upright Bags,41,41,887,0,17.28,13,18,5,1,0,4
892,Upright Filters,72,72,884,0,18.71,27,26,14,1,1,3
893,Canister Filters,6,6,884,0,21.39,0,5,1,0,0,0
894,Handheld Filters,2,2,884,0,8.12,1,1,0,0,0,0
895,Abrasive Wheels & Discs,3,574,10,13,32.32,174,175,79,62,36,48
896,Manual Sanding Products,0,173,10,7,18.71,62,63,31,7,1,9
897,Hand Files,176,176,10,0,19.78,59,71,21,5,5,15
898,Abrasive Brushes,1,194,10,2,17.44,85,64,18,11,2,14
899,Abrasive Accessories,20,55,10,4,28.04,17,19,9,6,2,2
900,Finishing Products,0,132,10,4,30.56,39,36,30,9,5,13
901,Abrasive Mounted Points,2,35,10,4,16.64,10,7,4,2,0,12
902,Grinding Cones & Plugs,4,4,901,0,10.75,3,0,1,0,0,0
903,Abrasive Cartridge Rolls,7,7,901,0,12.24,3,3,1,0,0,0
904,Abrasive Bands,15,15,901,0,13.21,2,4,1,0,0,8
905,Grinding Mounted Points,7,7,901,0,32.33,2,0,1,2,0,2
906,Buffing & Polishing Accessories,0,41,900,6,18.21,13,18,4,2,1,3
907,Finishing Compounds,39,39,900,0,25.53,21,7,3,1,2,5
908,Laps & Hones,4,41,900,1,30.26,4,10,20,3,0,4
909,Tumbling Media,11,11,900,0,95.67,1,1,3,3,2,1
910,Flex Hones,37,37,908,0,30.61,3,9,19,2,0,4
911,Buffing Wheels,31,31,906,0,16.29,9,17,0,1,1,3
912,Felt Sticks,1,1,906,0,16.34,0,1,0,0,0,0
913,Felt Bobs,3,3,906,0,5.49,3,0,0,0,0,0
914,Polishing Bonnets,3,3,906,0,21.21,1,0,2,0,0,0
915,Buffing Kits,1,1,906,0,57.99,0,0,0,1,0,0
916,Industrial Polishing Stones,2,2,906,0,40.64,0,0,2,0,0,0
917,Abrasive Mandrels,19,19,899,0,13.95,10,5,2,1,0,1
918,Abrasive Collets,5,5,899,0,34.6,1,2,1,1,0,0
919,Abrasive Dressing Tools,8,8,899,0,36.79,0,5,1,2,0,0
920,Abrasive Wheel Adapters & Flanges,3,3,899,0,18.38,1,1,1,0,0,0
921,Power Brushes,6,153,898,4,18.32,62,53,16,10,1,11
922,Scratch Brushes,40,40,898,0,14.18,23,10,2,1,1,3
923,Flat End Power Brushes,22,22,921,0,15.6,8,9,2,1,0,2
924,Wheel Power Brushes,89,89,921,0,19.49,37,29,12,5,1,5
925,Spiral Power Brushes,12,12,921,0,9.95,6,5,0,0,0,1
926,Cup Power Brushes,24,24,921,0,23.33,7,8,2,4,0,3
927,Sanding Sheets,128,128,896,0,17.04,47,46,25,3,0,7
928,Sanding Pads,9,9,896,0,23.44,1,6,1,1,0,0
929,Steel Wool,4,4,896,0,13.75,2,2,0,0,0,0
930,Sanding Sponges,9,9,896,0,19.15,2,3,3,0,0,1
931,Sanding Tapes,3,3,896,0,9.39,1,1,0,0,0,1
932,Sanding Cords,11,11,896,0,8.18,9,2,0,0,0,0
933,Sanding Rolls,9,9,896,0,53.24,0,3,2,3,1,0
934,Sanding Disc Backing Pads,51,51,895,0,35.61,8,29,4,4,3,3
935,Cutoff Wheels,213,213,895,0,34.8,82,51,21,19,20,20
936,Bristle Discs,43,43,895,0,31.88,6,10,14,7,1,5
937,Flap Wheels,41,41,895,0,13.82,20,10,7,0,0,4
938,Angle & Die Grinder Wheels,20,20,895,0,39.55,2,9,2,3,3,1
939,Bench & Pedestal Grinding Wheels,47,47,895,0,37.54,7,19,7,5,5,4
940,Grinding Discs,35,35,895,0,19.94,10,16,2,2,1,4
941,Surface Grinding Wheels,18,18,895,0,26.79,5,7,2,4,0,0
942,Tool Room Grinding Wheels,10,10,895,0,53.47,1,2,2,5,0,0
943,Flap Discs,83,83,895,0,33.82,27,20,16,12,3,5
944,OD Grinding Wheels,0,8,895,2,23.31,3,2,1,1,0,1
945,Tool Post Grinding Wheels,1,1,895,0,6.94,1,0,0,0,0,0
946,Snagging Wheels,1,1,895,0,8.6,1,0,0,0,0,0
947,Centerless Grinding Wheels,5,5,944,0,29.51,2,1,1,1,0,0
948,Cylindrical Grinding Wheels,3,3,944,0,7.8,1,1,0,0,0,1
949,Anchors,24,168,9,11,21.51,51,68,15,9,3,22
950,Screws & Bolts,156,2064,9,28,23.6,913,498,190,107,72,284
951,Washers,21,254,9,9,10.93,135,72,6,3,2,36
952,Rivets,11,95,9,4,20.43,34,44,7,3,3,4
953,Nuts,26,383,9,18,12.48,207,103,14,11,2,46
954,Pins,63,230,9,6,11.85,118,62,16,5,0,29
955,Threaded Rods & Studs,1,52,9,4,19.55,18,15,3,2,1,13
956,Retaining Rings,4,24,9,2,5.68,16,2,1,0,0,5
957,Spacers & Standoffs,0,49,9,1,12.81,26,9,1,1,1,11
958,Threaded Inserts,39,63,9,2,9.85,36,18,1,2,0,6
959,Helical Threaded Inserts,16,16,958,0,4.71,14,2,0,0,0,0
960,Externally Threaded Inserts,8,8,958,0,8.29,4,3,0,0,0,1
961,Spacers,49,49,957,0,12.81,26,9,1,1,1,11
962,External Retaining Rings,17,17,956,0,6.45,11,1,1,0,0,4
963,Internal Retaining Rings,3,3,956,0,11.7,1,1,0,0,0,1
964,Fully Threaded Rods & Studs,43,43,955,0,19.69,16,11,3,1,1,11
965,Press-In Captive Studs,3,3,955,0,33.25,0,1,0,1,0,1
966,Unequal Thread Length Rods & Studs,3,3,955,0,14.05,1,2,0,0,0,0
967,Equal Thread Length Rods & Studs,2,2,955,0,11.84,1,1,0,0,0,0
968,Dowel Pins,63,63,954,0,13.04,34,16,5,3,0,5
969,Taper Pins,2,2,954,0,26.81,1,0,1,0,0,0
970,Spring Pins,14,14,954,0,17.33,7,2,2,1,0,2
971,Clevis Pins,25,25,954,0,11.53,15,8,1,1,0,0
972,Quick-Release Pins,28,28,954,0,10.86,7,9,1,0,0,11
973,Cotter Pins,35,35,954,0,10.33,21,10,2,0,0,2
974,T-Nuts,46,46,953,0,8.82,30,9,1,1,0,5
975,Nut Inserts,6,6,953,0,24.57,1,4,0,1,0,0
976,Hex Nuts,115,115,953,0,9.03,74,23,4,1,0,13
977,Locknuts,54,54,953,0,14.38,26,19,1,1,1,6
978,Wing Nuts,32,32,953,0,10.98,20,7,0,1,0,4
979,Flange Nuts,9,9,953,0,14.59,6,2,0,1,0,0
980,Push Nuts,4,4,953,0,10.16,3,0,1,0,0,0
981,Acorn Nuts,27,27,953,0,11.71,13,10,0,1,0,3
982,Thumb Nuts,7,7,953,0,6.34,3,2,0,0,0,2
983,Coupling Nuts,18,18,953,0,8.35,11,7,0,0,0,0
984,Weld Nuts,4,4,953,0,11.93,1,2,0,0,0,1
985,Square Nuts,5,5,953,0,9.87,3,1,0,0,0,1
986,Rivet Nuts,22,22,953,0,32.08,6,6,3,2,1,4
987,Eye Nuts,3,3,953,0,8.25,1,1,0,0,0,1
988,Speed Nuts,1,1,953,0,5.42,1,0,0,0,0,0
989,Regulator Inlet Nuts,1,1,953,0,18.62,0,1,0,0,0,0
990,T-Slot Nuts,2,2,953,0,37.16,0,1,0,1,0,0
991,Barrel & Binding Nuts,1,1,953,0,21.79,0,1,0,0,0,0
992,Blind Rivets,70,70,952,0,18.84,25,34,4,3,2,2
993,Solid Rivets,10,10,952,0,15.22,5,3,2,0,0,0
994,Tubular & Semi-Tubular Rivets,3,3,952,0,10.55,2,1,0,0,0,0
995,Split & Bifurcated Rivets,1,1,952,0,2.4,1,0,0,0,0,0
996,Rivet Washers,5,5,951,0,8.48,4,1,0,0,0,0
997,Wave Washers & Wave Springs,5,5,951,0,8.77,2,1,0,0,0,2
998,Shoulder Washers,14,14,951,0,19.89,6,4,4,0,0,0
999,Flat Washers,146,146,951,0,10.87,68,49,1,2,1,25
1000,Lock Washers,46,46,951,0,10.43,33,7,0,1,1,4
1001,Sealing Washers,11,11,951,0,5.65,7,2,0,0,0,2
1002,Retaining Washers,3,3,951,0,11.13,1,2,0,0,0,0
1003,Beveled Washers,2,2,951,0,14.98,0,2,0,0,0,0
1004,Cup Washers,1,1,951,0,35.69,0,0,1,0,0,0
1005,Drywall Screws,69,69,950,0,30.09,30,18,8,8,3,2
1006,Wood Screws,360,360,950,0,31.88,156,81,39,41,25,18
1007,Eyebolts & Eyescrews,75,75,950,0,9.88,40,22,1,1,0,11
1008,Machine Screws,366,366,950,0,19.0,201,68,18,10,5,64
1009,Self-Drilling Screws,108,108,950,0,29.23,33,33,23,6,4,9
1010,Thumb Screws,62,62,950,0,13.59,30,22,0,0,2,8
1011,Socket Cap Screws,232,232,950,0,10.88,121,53,13,1,0,44
1012,Set Screws,95,95,950,0,15.8,40,20,7,3,1,24
1013,Concrete Screws & Bolts,49,49,950,0,16.33,15,26,6,0,0,2
1014,Sheet Metal Screws,116,116,950,0,11.48,58,42,3,0,1,12
1015,Toggle Bolts,16,16,950,0,12.32,8,4,3,0,0,1
1016,Dowel Screws & Hanger Bolts,22,22,950,0,12.96,12,4,3,0,0,3
1017,Panel Screws,7,7,950,0,25.69,2,4,0,0,1,0
1018,Lag Screws & Bolts,57,57,950,0,52.26,15,10,9,4,10,9
1019,Carriage Screws & Bolts,41,41,950,0,20.58,10,12,4,0,1,14
1020,Cap Screws & Hex Bolts,141,141,950,0,16.47,65,28,12,4,2,30
1021,U-Bolts,19,19,950,0,6.48,14,1,0,0,0,4
1022,Anchor Bolts,27,27,950,0,20.1,9,6,5,2,0,5
1023,Thread Forming & Cutting Screws,9,9,950,0,7.13,6,2,0,0,0,1
1024,Wheel Bolts,4,4,950,0,25.28,2,1,0,1,0,0
1025,Shoulder Screws,13,13,950,0,16.54,5,5,3,0,0,0
1026,Elevator Screws & Bolts,2,2,950,0,93.72,0,0,0,1,1,0
1027,T-Slot Bolts,5,5,950,0,11.95,3,1,1,0,0,0
1028,Captive Screws,2,2,950,0,21.49,0,1,0,0,0,1
1029,Structural Screws & Bolts,2,2,950,0,18.81,0,1,0,0,0,1
1030,Plow Bolts,3,3,950,0,38.62,0,1,1,1,0,0
1031,Expansion Bolts,5,5,950,0,7.17,5,0,0,0,0,0
1032,Tension Control Bolts,1,1,950,0,65.95,0,0,0,1,0,0
1033,Wedge Anchors,25,25,949,0,25.15,5,11,2,3,0,4
1034,Hollow-Wall Anchors,51,51,949,0,20.59,22,19,2,2,1,5
1035,T-Anchors,5,5,949,0,15.04,1,3,0,0,0,1
1036,Drywall Anchors,21,21,949,0,14.76,7,12,2,0,0,0
1037,Drive Anchors,11,11,949,0,23.16,2,5,2,1,0,1
1038,Drop-In Anchors,11,11,949,0,14.71,3,5,1,0,0,2
1039,Sleeve Anchors,6,6,949,0,28.67,1,3,1,1,0,0
1040,Stud Anchors,1,1,949,0,114.41,0,0,0,0,1,0
1041,Chemical Anchors,1,1,949,0,27.5,0,0,1,0,0,0
1042,Toggle Anchors,11,11,949,0,21.75,3,4,3,1,0,0
1043,Expansion Shield Anchors,1,1,949,0,30.66,0,0,1,0,0,0
1044,Indexable Insert Holders,4,21,8,4,43.7,7,1,3,3,2,5
1045,Reamers,4,57,8,5,31.36,9,21,16,5,3,3
1046,Industrial Drill Bits,7,208,8,1,41.02,33,79,46,30,14,6
1047,Cutting Burs,170,170,8,0,22.22,47,67,26,8,4,18
1048,Deburring Cutters,58,58,8,0,26.62,5,36,10,3,2,2
1049,Milling Tools,3,219,8,3,36.73,42,71,38,18,15,35
1050,Threading Taps,10,302,8,8,18.49,121,104,30,9,6,32
1051,Indexable Inserts,4,13,8,4,31.33,7,1,3,1,1,0
1052,Cutting Tool Holders,34,34,8,0,69.58,3,6,6,14,4,1
1053,Threading Dies,5,209,8,2,15.6,101,83,11,3,3,8
1054,Hole Cutters,35,35,8,0,43.79,6,11,11,1,5,1
1055,Live Centers,11,11,8,0,118.43,2,2,3,0,4,0
1056,Cutting Tool Coolants,28,28,8,0,28.62,10,7,6,4,1,0
1057,Fixturing Clamps,6,6,8,0,63.83,3,0,1,0,2,0
1058,Boring Bars,7,7,8,0,78.55,1,2,0,2,2,0
1059,Countersinks,5,25,8,2,31.11,5,7,9,1,2,1
1060,Brazed Tools,12,12,8,0,11.21,8,0,0,1,0,3
1061,Drill Adapters,7,7,8,0,30.72,2,3,1,0,1,0
1062,Broaches,2,2,8,0,170.36,0,0,0,0,1,1
1063,Slotting Cutters,0,1,8,1,27.79,0,0,1,0,0,0
1064,Counterbores,3,3,8,0,12.38,2,0,1,0,0,0
1065,Shell Reamer Arbors,1,1,8,0,54.69,0,0,0,1,0,0
1066,Two Wing Slotting Cutters,1,1,1063,0,27.79,0,0,1,0,0,0
1067,Combined Drill Countersinks,5,5,1059,0,8.0,4,1,0,0,0,0
1068,Single End Countersinks,15,15,1059,0,38.79,1,5,7,0,2,0
1069,Hex Threading Dies,107,107,1053,0,14.77,59,34,5,1,2,6
1070,Round Threading Dies,97,97,1053,0,14.26,38,49,6,2,0,2
1071,Drilling Inserts,5,5,1051,0,7.74,5,0,0,0,0,0
1072,Turning Inserts,2,2,1051,0,41.04,0,0,2,0,0,0
1073,Threading Inserts,1,1,1051,0,39.99,0,0,1,0,0,0
1074,Grooving Inserts,1,1,1051,0,64.65,0,0,0,1,0,0
1075,Straight Flute Taps,190,190,1050,0,17.9,82,64,19,4,5,16
1076,Thread Forming Taps,3,3,1050,0,6.55,3,0,0,0,0,0
1077,Thread Milling Taps,4,4,1050,0,11.56,1,2,0,0,0,1
1078,Pipe Taps,56,56,1050,0,25.1,19,19,9,5,1,3
1079,Spiral Point Taps,18,18,1050,0,13.9,7,8,1,0,0,2
1080,Spiral Flute Taps,19,19,1050,0,11.84,6,4,1,0,0,8
1081,"Extension, Pulley & Nut Taps",1,1,1050,0,24.95,0,1,0,0,0,0
1082,Combination Drill & Taps,1,1,1050,0,19.31,0,1,0,0,0,0
1083,End Mills,8,192,1049,7,34.29,33,64,37,16,9,33
1084,Arbor Type Milling Cutters,8,11,1049,2,98.29,2,2,0,1,6,0
1085,Shank Type Milling Cutters,0,13,1049,3,15.17,7,2,1,1,0,2
1086,Woodruff Keyseat Milling Cutters,11,11,1085,0,13.8,7,1,0,1,0,2
1087,T-Slot Milling Cutters,1,1,1085,0,11.61,0,1,0,0,0,0
1088,Dovetail Milling Cutters,1,1,1085,0,31.06,0,0,1,0,0,0
1089,Concave Radius Milling Cutters,2,2,1084,0,16.11,0,2,0,0,0,0
1090,Side & Face Milling Cutters,1,1,1084,0,7.94,1,0,0,0,0,0
1091,Drill Mills,8,8,1083,0,36.98,2,2,3,0,1,0
1092,Ball Nose End Mills,33,33,1083,0,43.16,5,12,3,4,2,7
1093,Tapered End Mills,18,18,1083,0,17.62,8,6,2,0,1,1
1094,Square Nose End Mills,111,111,1083,0,29.25,14,38,23,12,3,21
1095,Corner Rounding End Mills,6,6,1083,0,32.38,2,2,1,0,1,0
1096,Chamfer End Mills,3,3,1083,0,31.02,0,1,1,0,0,1
1097,Radiused-Corner End Mills,5,5,1083,0,17.19,1,1,2,0,0,1
1098,Metalworking & Multipurpose Drill Bits,0,201,1046,10,41.37,32,76,44,29,14,6
1099,Annular Cutters,28,28,1098,0,105.52,3,3,7,8,7,0
1100,Step Drill Bits,114,114,1098,0,32.28,21,39,29,17,5,3
1101,Reduced Shank Drill Bits,19,19,1098,0,20.36,1,14,3,1,0,0
1102,Circuit Board Drill Bits,13,13,1098,0,35.64,0,9,0,2,1,1
1103,Spotting Drill Bits,8,8,1098,0,13.46,4,3,1,0,0,0
1104,Taper Shank Drill Bits,8,8,1098,0,63.24,1,1,3,1,1,1
1105,Drill Blanks,7,7,1098,0,14.98,1,5,0,0,0,1
1106,Threaded Shank Bits,2,2,1098,0,23.65,1,0,1,0,0,0
1107,Hole Enlarging Drill Bits,1,1,1098,0,15.99,0,1,0,0,0,0
1108,Micro Drill Bits,1,1,1098,0,11.12,0,1,0,0,0,0
1109,Hand Reamers,12,12,1045,0,47.57,1,3,3,2,2,1
1110,Chucking Reamers,26,26,1045,0,22.21,1,17,7,0,0,1
1111,Taper Pin Reamers,6,6,1045,0,42.1,2,0,2,2,0,0
1112,Bridge & Construction Reamers,5,5,1045,0,44.53,2,0,1,1,1,0
1113,Taper Pipe Reamers,4,4,1045,0,7.56,2,1,0,0,0,1
1114,Coolant Hole Turning Holders,6,6,1044,0,9.22,5,0,1,0,0,0
1115,Milling Holders,0,5,1044,2,119.91,0,0,0,1,1,3
1116,Threading Holders,2,2,1044,0,98.83,1,0,0,0,1,0
1117,Turning Holders,4,4,1044,0,31.92,1,0,2,1,0,0
1118,End Mill Holders,4,4,1115,0,164.81,0,0,0,0,1,3
1119,Face Mill Holders,1,1,1115,0,75.0,0,0,0,1,0,0
1120,Electrical Testing,1,445,7,12,163.93,22,70,51,50,177,75
1121,Dimensional Measurement,0,941,7,18,94.66,93,187,196,134,254,77
1122,Inspection & Analysis,0,201,7,5,94.7,22,54,25,15,44,41
1123,"Motion, Speed & Force",0,31,7,4,319.59,1,2,2,6,17,3
1124,Surface & Hardness Testing,0,43,7,4,112.21,7,8,5,8,9,6
1125,Calibration,1,36,7,3,60.79,3,6,12,9,4,2
1126,Water Quality & Instrumentation,0,470,7,12,94.43,42,95,69,81,112,71
1127,Light Measurement,12,12,7,0,270.11,0,0,0,1,11,0
1128,Network & Cable Testers,25,25,7,0,128.57,7,3,3,3,7,2
1129,Airflow & Air Quality,0,40,7,4,113.09,0,6,7,6,13,8
1130,Pressure & Temperature,0,440,7,6,47.39,78,121,98,53,38,52
1131,Recorders & Data Acquisition,0,40,7,3,175.78,1,1,1,10,20,7
1132,Scales & Balances,2,65,7,6,141.97,8,6,4,9,24,14
1133,Replicating Materials,3,3,7,0,105.82,0,1,0,1,1,0
1134,Sound Measurement,5,5,7,0,82.2,0,2,1,0,2,0
1135,Humidity & Moisture,0,1,7,1,29.91,0,0,1,0,0,0
1136,Thermohygrometers,1,1,1135,0,29.91,0,0,1,0,0,0
1137,Mechanical Balances,15,15,1132,0,83.76,7,0,0,0,7,1
1138,Spring Scales,14,14,1132,0,163.44,1,3,0,2,4,4
1139,Analytical Balances,5,5,1132,0,60.47,0,1,0,0,1,3
1140,Conventional Balances,24,24,1132,0,194.04,0,1,3,5,11,4
1141,Moisture Balances,2,2,1132,0,0,0,0,0,0,0,2
1142,Balance Accessories,3,3,1132,0,112.58,0,1,0,1,1,0
1143,Circular Chart Recorders & Accessories,0,6,1131,3,158.69,1,0,1,1,2,1
1144,Data Loggers,33,33,1131,0,184.67,0,0,0,9,18,6
1145,Strip Chart Recorders & Accessories,1,1,1131,0,21.36,0,1,0,0,0,0
1146,Circular Chart Paper,1,1,1143,0,50.67,0,0,0,1,0,0
1147,Circular Chart Pens,1,1,1143,0,38.0,0,0,1,0,0,0
1148,Circular Chart Recorders,4,4,1143,0,234.93,1,0,0,0,2,1
1149,Pressure Gauges,123,123,1130,0,53.12,15,50,20,17,14,7
1150,Temperature Sensors,20,20,1130,0,86.6,0,3,3,8,5,1
1151,Thermometers & Accessories,9,224,1130,4,38.95,50,51,50,22,14,37
1152,Temperature Controllers,60,60,1130,0,41.39,13,12,22,6,2,5
1153,Pressure Transmitters,3,3,1130,0,276.26,0,0,0,0,3,0
1154,Pressure Sensors,10,10,1130,0,24.09,0,5,3,0,0,2
1155,Bi-metal Thermometer,48,48,1151,0,20.09,14,17,12,2,0,3
1156,Digital Thermometer,93,93,1151,0,63.68,4,21,23,16,12,17
1157,Non-mercury Thermometer,57,57,1151,0,17.22,27,11,8,2,1,8
1158,Thermometer Accessories,17,17,1151,0,43.73,4,2,6,2,1,2
1159,Anemometers,16,16,1129,0,93.31,0,4,3,2,3,4
1160,Indoor Air Quality Meters,5,5,1129,0,228.75,0,0,0,0,4,1
1161,Manometers,10,10,1129,0,83.43,0,1,3,3,3,0
1162,Barometers,9,9,1129,0,124.95,0,1,1,1,3,3
1163,pH Testing,0,134,1126,1,102.43,14,16,17,29,36,22
1164,Refractometers,88,88,1126,0,98.64,0,19,12,21,22,14
1165,Conductivity Meters & Accessories,34,34,1126,0,64.91,3,9,6,10,4,2
1166,Dissolved Oxygen Meters & Accessories,7,7,1126,0,270.59,0,2,0,0,5,0
1167,Hydrometers,60,60,1126,0,43.82,11,21,15,4,2,7
1168,Flowmeters,24,24,1126,0,150.75,0,1,5,4,10,4
1169,Multiparameter Meters,30,30,1126,0,159.29,0,3,2,3,16,6
1170,Electrodes,74,74,1126,0,59.28,12,21,9,9,9,14
1171,Calorimeters,4,4,1126,0,38.08,0,1,2,1,0,0
1172,Turbidity Meters,4,4,1126,0,261.78,1,0,0,0,2,1
1173,Spectrometry,0,8,1126,1,118.6,1,2,1,0,3,1
1174,Viscometers,3,3,1126,0,149.64,0,0,0,0,3,0
1175,Spectrometers,8,8,1173,0,118.6,1,2,1,0,3,1
1176,pH Meters,134,134,1163,0,102.43,14,16,17,29,36,22
1177,Dimensional Calibration,0,25,1125,3,57.09,1,4,9,7,3,1
1178,Hardness Test Blocks,2,2,1125,0,32.5,0,0,1,0,0,1
1179,Calibration Weights,8,8,1125,0,78.0,2,2,1,2,1,0
1180,V Blocks,16,16,1177,0,61.68,1,2,5,5,2,1
1181,Standard Rods,4,4,1177,0,25.88,0,2,2,0,0,0
1182,Gage Blocks & Accessories,1,5,1177,2,68.32,0,0,2,2,1,0
1183,Gage Block Accessories,2,2,1182,0,109.88,0,0,0,1,1,0
1184,Gage Blocks,2,2,1182,0,32.82,0,0,2,0,0,0
1185,Surface Roughness Comparators,5,5,1124,0,73.37,0,1,1,1,2,0
1186,Hardness Testing Equipment,34,34,1124,0,118.28,7,7,4,7,7,2
1187,Surface Roughness Gauges,3,3,1124,0,0,0,0,0,0,0,3
1188,Roughness Tester,1,1,1124,0,0,0,0,0,0,0,1
1189,Force Gages,15,15,1123,0,415.8,1,0,0,4,8,2
1190,Tachometers,8,8,1123,0,161.19,0,2,1,1,4,0
1191,Stroboscopes,6,6,1123,0,332.3,0,0,1,1,3,1
1192,Torque Gauges,2,2,1123,0,296.0,0,0,0,0,2,0
1193,Optical Inspection Apparatus,8,50,1122,1,14.03,20,22,3,0,1,4
1194,Borescopes,111,111,1122,0,99.05,2,29,18,13,30,19
1195,Leak Detection Tools,16,16,1122,0,210.77,0,1,2,2,7,4
1196,Video Inspection Equipment,23,23,1122,0,223.9,0,2,2,0,5,14
1197,Flaw Detection Tools,1,1,1122,0,849.95,0,0,0,0,1,0
1198,Machine Tool Inspection Mirrors,42,42,1193,0,10.5,20,20,0,0,0,2
1199,Calipers,23,511,1121,3,70.3,69,109,132,68,87,46
1200,Indicators & Accessories,0,147,1121,4,123.33,10,25,21,22,65,4
1201,Hole Gauges,14,14,1121,0,88.14,0,5,1,1,7,0
1202,Angle Gages,2,2,1121,0,45.84,0,0,2,0,0,0
1203,Depth Gauges,30,30,1121,0,145.76,2,4,3,9,11,1
1204,Thickness & Feeler Gages,44,44,1121,0,115.6,5,8,6,5,11,9
1205,Outside Micrometers & Accessories,0,89,1121,2,120.81,1,16,14,11,39,8
1206,Snap Gages,2,2,1121,0,13.77,0,2,0,0,0,0
1207,Inside Micrometers & Bore Gauges,0,18,1121,2,196.48,0,3,2,2,9,2
1208,Height Gauges,18,18,1121,0,236.22,0,3,3,2,7,3
1209,Thread Gages,7,7,1121,0,24.7,0,3,3,0,0,1
1210,"Rules, Squares & Protractors",0,14,1121,1,119.86,0,1,2,7,4,0
1211,Radius Gages,5,5,1121,0,23.09,1,2,0,1,0,1
1212,Pin Gages,17,17,1121,0,57.78,5,1,3,3,4,1
1213,Optical Measurement Equipment,7,7,1121,0,65.98,0,3,1,1,1,1
1214,Micrometer Heads,13,13,1121,0,157.39,0,1,1,2,9,0
1215,Countersink Gauges,2,2,1121,0,19.75,0,1,1,0,0,0
1216,Ring Gages,1,1,1121,0,32.0,0,0,1,0,0,0
1217,Straight Edges,14,14,1210,0,119.86,0,1,2,7,4,0
1218,Inside Micrometers,10,10,1207,0,226.02,0,1,0,1,7,1
1219,Bore Gauges,8,8,1207,0,158.5,0,2,2,1,2,1
1220,Outside Micrometers,76,76,1205,0,129.13,1,11,11,11,35,7
1221,Accessories,13,13,1205,0,72.99,0,5,3,0,4,1
1222,Indicator Stands,55,55,1200,0,89.59,6,10,10,11,17,1
1223,Dial Indicators,26,26,1200,0,98.19,2,5,3,5,11,0
1224,Test Indicators,59,59,1200,0,154.17,1,9,8,6,32,3
1225,Electronic Indicators,7,7,1200,0,230.19,1,1,0,0,5,0
1226,Dial Calipers,152,152,1199,0,62.97,13,32,46,30,23,8
1227,Digital Calipers,239,239,1199,0,81.89,14,53,72,27,50,23
1228,Vernier Calipers,97,97,1199,0,61.46,37,18,12,7,14,9
1229,Oscilloscopes & Accessories,0,175,1120,3,240.23,4,18,14,11,81,47
1230,Test Probes & Leads,90,90,1120,0,47.66,10,43,15,10,9,3
1231,Capacitance & Resistance Meters,0,24,1120,4,244.26,1,2,4,0,12,5
1232,Current Testers,23,89,1120,3,136.17,5,5,11,22,42,4
1233,Circuit Tracers & Analyzers,8,8,1120,0,142.31,1,0,2,0,3,2
1234,Power Meters,10,10,1120,0,200.69,1,1,1,1,3,3
1235,Function Generators,19,19,1120,0,194.52,0,0,2,1,11,5
1236,Frequency Counters & Pulse Generators,8,8,1120,0,244.41,0,0,1,0,6,1
1237,Component Testers,1,1,1120,0,99.49,0,0,0,1,0,0
1238,Ohmmeters,4,4,1120,0,52.16,0,1,1,1,0,1
1239,Spectrum Analyzers,8,8,1120,0,207.16,0,0,0,0,5,3
1240,EMF Meters,8,8,1120,0,208.34,0,0,0,2,5,1
1241,Clamp Meters,57,57,1232,0,157.14,1,4,5,12,31,4
1242,Current Probes,7,7,1232,0,156.99,1,0,3,1,2,0
1243,Current Clamps,2,2,1232,0,166.83,0,0,0,0,2,0
1244,LCR Meters,8,8,1231,0,257.33,0,1,2,0,4,1
1245,Ground Resistance Meters,4,4,1231,0,397.5,0,1,0,0,1,2
1246,Insulation Resistance Meters,10,10,1231,0,240.72,0,0,2,0,6,2
1247,Capacitance Meters,2,2,1231,0,59.48,1,0,0,0,1,0
1248,Oscilloscopes,152,152,1229,0,277.34,1,10,9,10,76,46
1249,Oscilloscope Probes,16,16,1229,0,37.93,3,8,2,0,2,1
1250,Oscilloscope Accessories,7,7,1229,0,111.88,0,0,3,1,3,0
1251,3D Printing Materials,564,564,6,0,32.9,3,67,313,16,4,161
1252,3D Printer Parts & Accessories,148,148,6,0,52.66,19,37,22,26,18,26
1253,3D Printers,61,61,6,0,597.5,0,0,0,1,19,41
1254,3D Scanners,2,2,6,0,401.0,0,0,0,0,1,1
1255,Grommets,16,215,5,4,14.41,123,52,13,6,3,18
1256,Brackets,398,398,5,0,25.12,185,106,46,25,19,17
1257,Drawer Slides,24,24,5,0,19.14,9,11,2,1,1,0
1258,Hooks,58,443,5,5,12.31,270,115,24,4,3,27
1259,Snaps,21,91,5,4,8.01,69,15,1,1,0,5
1260,Braces,103,103,5,0,15.01,61,17,6,3,2,14
1261,Hinges,13,65,5,11,20.3,22,21,7,1,2,12
1262,Latches,12,70,5,4,16.14,21,31,6,0,1,11
1263,Knobs & Hand Wheels,7,163,5,13,8.54,71,30,4,0,0,58
1264,Biscuits & Plugs,20,20,5,0,4.87,17,3,0,0,0,0
1265,Chains,6,100,5,4,41.02,26,33,23,9,5,4
1266,Handles & Pulls,2,80,5,5,46.75,27,28,9,5,8,3
1267,Bumpers,1,7,5,2,14.95,2,0,1,0,0,4
1268,Flexible Support Arms,1,1,5,0,39.49,0,0,1,0,0,0
1269,Catches,4,4,5,0,11.8,1,2,0,0,0,1
1270,Lock Bolts,1,1,5,0,1.39,1,0,0,0,0,0
1271,Adhesive Bumpers,3,3,1267,0,0,0,0,0,0,0,3
1272,Threaded Bumpers,3,3,1267,0,18.04,1,0,1,0,0,1
1273,Rope & Chain Pulls,19,19,1266,0,144.63,3,3,2,2,8,1
1274,Crank Handles,20,20,1266,0,19.57,8,8,2,2,0,0
1275,Pull Handles,30,30,1266,0,14.38,15,11,3,1,0,0
1276,Tapered Handles,2,2,1266,0,0,0,0,0,0,0,2
1277,Adjustable Handles,7,7,1266,0,16.4,1,6,0,0,0,0
1278,Loop Chains,52,52,1265,0,29.93,13,15,14,7,1,2
1279,Sash Chains,13,13,1265,0,76.34,3,4,5,0,1,0
1280,Ball & Bead Chains,13,13,1265,0,29.03,7,2,2,1,1,0
1281,Twist Chains,16,16,1265,0,65.86,2,9,1,0,2,2
1282,Hand Wheels,8,8,1263,0,19.46,2,4,2,0,0,0
1283,Trigon & Three Arm Knobs,0,5,1263,2,22.38,1,0,1,0,0,3
1284,Knurled Knobs,1,29,1263,2,7.57,13,6,0,0,0,10
1285,Ball Knobs,1,24,1263,1,7.55,9,1,1,0,0,13
1286,T-Knobs,2,8,1263,1,14.77,1,2,0,0,0,5
1287,Fluted Knobs,0,38,1263,2,4.1,26,2,0,0,0,10
1288,Wing Knobs,0,3,1263,2,3.12,1,0,0,0,0,2
1289,Four Arm Knobs,0,19,1263,2,11.16,2,6,0,0,0,11
1290,Tapered Knobs,3,8,1263,2,2.74,5,0,0,0,0,3
1291,Star Knobs,6,6,1263,0,5.06,5,0,0,0,0,1
1292,Control Knobs,3,3,1263,0,12.9,1,2,0,0,0,0
1293,Push-Pull Knobs,0,1,1263,1,5.18,1,0,0,0,0,0
1294,Shift Knobs,4,4,1263,0,13.04,2,2,0,0,0,0
1295,Female Push-Pull Knobs,1,1,1293,0,5.18,1,0,0,0,0,0
1296,Female Tapered Knobs,3,3,1290,0,0,0,0,0,0,0,3
1297,Male Tapered Knobs,2,2,1290,0,4.41,2,0,0,0,0,0
1298,Female Four Arm Knobs,14,14,1289,0,10.69,2,4,0,0,0,8
1299,Male Four Arm Knobs,5,5,1289,0,12.58,0,2,0,0,0,3
1300,Female Wing Knobs,2,2,1288,0,0,0,0,0,0,0,2
1301,Male Wing Knobs,1,1,1288,0,3.12,1,0,0,0,0,0
1302,Female Fluted Knobs,21,21,1287,0,6.09,10,2,0,0,0,9
1303,Male Fluted Knobs,17,17,1287,0,2.61,16,0,0,0,0,1
1304,Female T-Knobs,6,6,1286,0,17.06,0,1,0,0,0,5
1305,Female Ball Knobs,23,23,1285,0,7.75,8,1,1,0,0,13
1306,Female Knurled Knobs,18,18,1284,0,7.1,9,3,0,0,0,6
1307,Male Knurled Knobs,10,10,1284,0,7.43,4,2,0,0,0,4
1308,Male Three Arm Knobs,2,2,1283,0,35.32,0,0,1,0,0,1
1309,Female Three Arm Knobs,3,3,1283,0,9.44,1,0,0,0,0,2
1310,Draw Latches & Tension Latches,46,46,1262,0,13.39,14,20,5,0,0,7
1311,Cam Latches,1,1,1262,0,0,0,0,0,0,0,1
1312,Push-to-Close & Slam Latches,2,2,1262,0,26.67,0,1,1,0,0,0
1313,Compression Latches,9,9,1262,0,9.46,5,4,0,0,0,0
1314,Continuous & Piano Hinges,24,24,1261,0,18.63,3,12,6,0,0,3
1315,Butt Hinges,3,3,1261,0,12.26,2,1,0,0,0,0
1316,Strap Hinges,1,1,1261,0,9.88,1,0,0,0,0,0
1317,Spring Hinges,4,4,1261,0,49.58,1,2,0,0,1,0
1318,Bearing Hinges,2,2,1261,0,61.06,0,0,1,1,0,0
1319,Slip Joint & Lift-Off Hinges,4,4,1261,0,3.16,1,0,0,0,0,3
1320,Concealed Hinges,3,3,1261,0,69.57,0,1,0,0,1,1
1321,Pivot Hinges,1,1,1261,0,18.95,0,1,0,0,0,0
1322,Weld-On Hinges,4,4,1261,0,3.6,3,0,0,0,0,1
1323,Pin Hinges,1,1,1261,0,7.24,1,0,0,0,0,0
1324,Latch Hinges,5,5,1261,0,10.98,3,2,0,0,0,0
1325,Spring Snaps,24,24,1259,0,7.67,16,7,0,0,0,1
1326,Bolt Snaps,13,13,1259,0,3.93,11,1,0,0,0,1
1327,Quick-Release Snaps,7,7,1259,0,19.73,6,0,0,1,0,0
1328,Trigger Snaps,26,26,1259,0,6.4,22,3,0,0,0,1
1329,Pegboard Hooks,156,156,1258,0,12.43,80,54,14,2,0,6
1330,Screw-In Hooks,152,152,1258,0,13.12,118,23,2,1,3,5
1331,Over Door Hooks,30,30,1258,0,12.94,15,12,2,0,0,1
1332,Magnetic Hooks,27,27,1258,0,8.7,16,7,1,0,0,3
1333,Nail-In Hooks,20,20,1258,0,9.7,13,5,2,0,0,0
1334,Grommet Kits,169,169,1255,0,15.9,96,36,13,6,3,15
1335,Snap Grommets,24,24,1255,0,10.74,11,13,0,0,0,0
1336,Continuous Grommets,3,3,1255,0,5.34,3,0,0,0,0,0
1337,Plain Washer Grommets,3,3,1255,0,14.29,1,2,0,0,0,0
1338,Semiconductor Products,13,413,4,8,52.09,189,57,41,26,37,63
1339,Sensors,13,77,4,10,58.22,22,23,9,4,13,6
1340,Controls & Indicators,6,820,4,12,23.24,449,167,75,39,36,54
1341,Wiring & Connecting,48,898,4,8,22.55,500,198,73,30,30,67
1342,Passive Components,7,823,4,14,17.94,429,171,92,37,15,79
1343,Optoelectronic Products,2,185,4,7,21.01,104,39,8,6,10,18
1344,Fiber Optic Products,1,20,4,3,118.31,4,3,3,4,3,3
1345,Thermal Management Products,2,12,4,2,21.34,3,4,4,0,0,1
1346,Circuit Protection Products,2,14,4,2,14.95,6,6,2,0,0,0
1347,Lighting Components,5,5,4,0,65.38,0,0,1,4,0,0
1348,Decade Boxes,4,4,4,0,2.66,4,0,0,0,0,0
1349,Thermistors,9,9,1346,0,10.43,4,5,0,0,0,0
1350,ESD Suppressors,3,3,1346,0,17.48,2,0,1,0,0,0
1351,Electronic Cooling Fans,8,8,1345,0,19.39,2,4,2,0,0,0
1352,Computer Heatsinks,2,2,1345,0,36.43,0,0,2,0,0,0
1353,Fiber Optic Transceivers,2,2,1344,0,68.4,0,0,0,2,0,0
1354,Fiber Optic Connectors,16,16,1344,0,142.94,2,3,3,2,3,3
1355,Fiber Optic Transmitters,1,1,1344,0,8.76,1,0,0,0,0,0
1356,Lamps,1,132,1343,4,19.93,85,24,5,3,7,8
1357,Infrared Emitters,2,2,1343,0,9.94,1,1,0,0,0,0
1358,Lamp Holders,2,2,1343,0,3.3,2,0,0,0,0,0
1359,Optocouplers,3,3,1343,0,2.85,2,0,0,0,0,1
1360,Optoelectronic Displays,37,37,1343,0,23.33,12,11,2,2,2,8
1361,Photo Detectors,3,3,1343,0,41.07,1,0,1,1,0,0
1362,Diode Lasers,4,4,1343,0,13.12,1,2,0,0,0,1
1363,Incandescent Lamps,9,9,1356,0,21.96,1,4,3,0,0,1
1364,LED Lamps,110,110,1356,0,15.23,81,17,2,1,3,6
1365,HID Lamps,6,6,1356,0,88.11,0,1,0,2,3,0
1366,Fluorescent Lamps,6,6,1356,0,30.59,3,2,0,0,1,0
1367,Signal Filters,6,6,1342,0,57.93,0,0,1,4,0,1
1368,Transducers,2,13,1342,4,95.85,2,2,1,0,6,2
1369,Capacitors,376,376,1342,0,18.35,130,116,65,13,3,49
1370,Resistors,5,294,1342,2,5.61,251,26,1,0,0,16
1371,Transformers,24,65,1342,1,35.63,17,12,13,14,2,7
1372,Ferrites,15,15,1342,0,6.59,13,1,0,0,0,1
1373,Antennas,21,21,1342,0,44.76,3,6,6,3,2,1
1374,Inductors,7,7,1342,0,45.77,4,1,1,0,1,0
1375,Attenuators,6,6,1342,0,131.73,2,1,0,1,1,1
1376,Resonators,3,3,1342,0,6.47,3,0,0,0,0,0
1377,Crystals,5,5,1342,0,13.09,2,3,0,0,0,0
1378,Oscillators,2,2,1342,0,42.42,1,0,0,1,0,0
1379,Switch Encoders,2,2,1342,0,28.95,1,0,0,1,0,0
1380,Coils,1,1,1342,0,33.99,0,0,1,0,0,0
1381,Power Transformers,41,41,1371,0,37.73,14,6,7,10,2,2
1382,Variable Resistors,6,114,1370,2,6.34,93,15,0,0,0,6
1383,Fixed Resistors,20,175,1370,1,5.06,155,10,1,0,0,9
1384,Single Resistors,155,155,1383,0,4.8,141,7,0,0,0,7
1385,Potentiometers,98,98,1382,0,5.36,88,5,0,0,0,5
1386,Rheostats,10,10,1382,0,13.95,2,7,0,0,0,1
1387,Temperature Transducers,6,6,1368,0,53.79,1,2,0,0,2,1
1388,Current Transducers,1,1,1368,0,36.83,0,0,1,0,0,0
1389,Voltage Transducers,3,3,1368,0,147.17,0,0,0,0,3,0
1390,Piezo Transducers,1,1,1368,0,6.1,1,0,0,0,0,0
1391,Terminals,34,459,1341,10,18.89,278,108,28,10,12,23
1392,Connectors,3,29,1341,1,40.34,6,11,5,4,2,1
1393,Heat-shrink Tubing,208,208,1341,0,16.65,121,35,20,3,3,26
1394,Test Points,7,7,1341,0,84.38,4,0,1,0,1,1
1395,IC Sockets & Plugs,28,28,1341,0,17.4,14,5,3,2,0,4
1396,Terminal Blocks,7,65,1341,4,14.49,37,14,3,3,1,7
1397,Bulk Cables,31,44,1341,2,25.74,15,16,5,5,2,1
1398,Power Entry Modules,10,10,1341,0,28.98,6,1,1,0,1,1
1399,Multiconductor Cables,4,4,1397,0,31.04,3,0,0,0,1,0
1400,Coaxial Cables,9,9,1397,0,22.85,2,4,1,1,0,1
1401,Thermocouple Blocks,36,36,1396,0,9.42,25,7,2,0,0,2
1402,Ground Circuit Terminal Blocks,2,2,1396,0,4.25,1,0,0,0,0,1
1403,Actuator Blocks,4,4,1396,0,42.22,0,1,0,2,0,1
1404,Sensor Blocks,16,16,1396,0,26.01,6,4,1,1,1,3
1405,Circular Connectors,2,26,1392,1,34.18,4,11,5,4,1,1
1406,Cylindrical Connectors,24,24,1405,0,35.09,4,10,5,4,1,0
1407,Butt Terminals,77,77,1391,0,10.04,47,23,3,0,0,4
1408,Disconnect Terminals,89,89,1391,0,8.55,58,23,1,0,0,7
1409,Wire Terminals,71,71,1391,0,12.58,42,16,10,1,0,2
1410,IDC Electrical Terminals,43,43,1391,0,88.64,13,9,7,4,9,1
1411,Ring Terminals,58,58,1391,0,9.79,38,16,0,2,0,2
1412,Spade Terminals,14,14,1391,0,8.39,9,5,0,0,0,0
1413,Screw Terminals,52,52,1391,0,8.37,45,4,1,0,1,1
1414,Fork Terminals,11,11,1391,0,13.32,4,4,1,0,0,2
1415,Snap Plug Terminals,6,6,1391,0,5.57,5,0,0,0,0,1
1416,Flag Terminals,4,4,1391,0,10.17,3,0,1,0,0,0
1417,Industrial Switches,27,515,1340,8,12.54,368,80,20,9,8,30
1418,Controllers,6,56,1340,3,43.98,10,15,14,7,6,4
1419,Motor Contactors,31,31,1340,0,25.37,4,11,13,2,0,1
1420,Industrial Motors,36,36,1340,0,132.23,5,2,2,8,15,4
1421,Relays,90,130,1340,7,22.83,41,44,20,12,1,12
1422,Motor Starters,5,5,1340,0,52.0,0,2,2,0,1,0
1423,Solenoids,24,24,1340,0,25.88,7,11,2,1,2,1
1424,Motion Actuated Switches,1,1,1340,0,6.52,1,0,0,0,0,0
1425,IO Modules,1,1,1340,0,169.92,0,0,0,0,1,0
1426,Indicator Lights,13,13,1340,0,7.94,12,1,0,0,0,0
1427,Tower Stack Lights,1,1,1340,0,11.19,0,1,0,0,0,0
1428,Motor Drives,1,1,1340,0,229.25,0,0,0,0,1,0
1429,Current Monitoring Relays,1,1,1421,0,21.2,0,1,0,0,0,0
1430,Coaxial Relays,4,4,1421,0,12.22,2,2,0,0,0,0
1431,Solid State Relays,11,11,1421,0,10.29,9,1,1,0,0,0
1432,Phase Monitoring Relays,11,11,1421,0,12.95,2,9,0,0,0,0
1433,Plug In Relays,3,3,1421,0,22.16,0,3,0,0,0,0
1434,PC Board Relays,9,9,1421,0,28.87,5,1,0,0,1,2
1435,DIN Mount Relays,1,1,1421,0,6.6,1,0,0,0,0,0
1436,Motor Speed Controllers,32,32,1418,0,35.51,5,10,10,4,2,1
1437,Thermostat Controllers,12,12,1418,0,54.78,2,3,2,2,2,1
1438,Process Controllers,6,6,1418,0,91.56,0,1,2,1,2,0
1439,Toggle Switches,223,223,1417,0,8.03,182,27,2,4,0,8
1440,Pushbutton Switches,167,167,1417,0,9.29,135,15,4,0,2,11
1441,DIP Switches,21,21,1417,0,5.98,16,2,0,0,0,3
1442,Foot Switches,46,46,1417,0,27.69,7,22,9,2,2,4
1443,Limit Switches,22,22,1417,0,9.53,12,5,2,0,0,3
1444,Selector Switches,5,5,1417,0,25.12,0,4,0,1,0,0
1445,Key Operated Switches,1,1,1417,0,7.98,1,0,0,0,0,0
1446,Basic Switches,3,3,1417,0,3.42,2,0,0,0,0,1
1447,Photoelectric Sensors,14,14,1339,0,25.44,5,7,1,0,1,0
1448,Proximity Sensors,23,23,1339,0,67.78,6,4,4,1,6,2
1449,Current Sensors,3,3,1339,0,16.18,0,3,0,0,0,0
1450,Liquid Level Sensors,11,11,1339,0,132.14,1,4,2,0,3,1
1451,Flow Sensors,4,4,1339,0,98.82,0,0,0,3,1,0
1452,Acceleration Sensors,1,1,1339,0,7.35,1,0,0,0,0,0
1453,Optical Sensors,1,1,1339,0,0,0,0,0,0,0,1
1454,Hall Effect Sensors,5,5,1339,0,9.51,2,1,0,0,0,2
1455,Tilt Sensors,1,1,1339,0,5.85,1,0,0,0,0,0
1456,Linear Sensors,1,1,1339,0,5.95,1,0,0,0,0,0
1457,Interfaces,4,105,1338,3,34.35,59,19,9,6,4,8
1458,Diodes,0,35,1338,3,6.42,26,7,1,0,0,1
1459,Microprocessors,9,9,1338,0,16.82,3,1,0,1,0,4
1460,Transistors,55,97,1338,6,9.55,66,6,3,2,1,19
1461,Signal Components,7,123,1338,2,133.42,10,19,23,16,31,24
1462,Digital Signal Processors,12,12,1338,0,9.45,9,2,1,0,0,0
1463,Timing Management Products,9,9,1338,0,46.89,4,0,1,1,1,2
1464,Logic Products,0,10,1338,2,17.89,3,3,3,0,0,1
1465,Programmable Logic Circuits,6,6,1464,0,25.11,0,3,3,0,0,0
1466,Logic Gates,4,4,1464,0,3.43,3,0,0,0,0,1
1467,Signal Converters,106,106,1461,0,136.34,5,15,21,16,28,21
1468,Amplifiers,10,10,1461,0,157.17,2,2,2,0,2,2
1469,BJT Transistors,12,12,1460,0,6.89,8,1,1,0,0,2
1470,MOSFET Transistors,12,12,1460,0,4.92,10,0,0,0,0,2
1471,Darlington Transistors,4,4,1460,0,14.0,2,0,1,0,0,1
1472,RF Transistors,12,12,1460,0,19.96,6,2,0,2,0,2
1473,IGBT Transistors,1,1,1460,0,6.44,1,0,0,0,0,0
1474,JFET Transistors,1,1,1460,0,7.18,1,0,0,0,0,0
1475,Zener Diodes,26,26,1458,0,4.49,22,3,0,0,0,1
1476,Schottky Diodes,8,8,1458,0,12.54,3,4,1,0,0,0
1477,Varactor Diodes,1,1,1458,0,5.6,1,0,0,0,0,0
1478,Radio Frequency Transceivers,29,29,1457,0,76.17,19,2,2,3,3,0
1479,Prototyping Boards,41,41,1457,0,21.69,16,15,5,2,1,2
1480,Communication Integrated Circuits,31,31,1457,0,8.17,21,2,2,0,0,6
1481,Emergency Response Equipment,79,351,3,5,51.4,108,85,40,23,37,58
1482,Safety Signs & Signals,0,1557,3,9,31.96,414,609,253,90,80,111
1483,Hazardous Material Handling,4,315,3,12,121.41,18,49,66,76,81,25
1484,Safety Training,0,7,3,1,107.33,0,2,0,1,3,1
1485,Facility Safety Products,0,54,3,2,31.74,8,26,8,1,6,5
1486,Lockout & Tagout Products,5,124,3,4,43.02,26,49,15,14,13,7
1487,Warning Alarms,9,9,3,0,67.85,0,2,3,1,3,0
1488,Kits,12,12,1486,0,114.24,0,1,2,3,5,1
1489,Padlocks,36,36,1486,0,25.31,11,19,2,1,2,1
1490,Devices,43,43,1486,0,54.42,7,13,6,8,6,3
1491,Tags,28,28,1486,0,23.37,8,12,5,2,0,1
1492,Emergency Light Sticks,47,47,1485,0,35.12,6,21,8,1,6,5
1493,Eyewash Solution,7,7,1485,0,11.45,2,5,0,0,0,0
1494,Safety Training DVDs & Videos,7,7,1484,0,107.33,0,2,0,1,3,1
1495,Hazardous Storage Equipment,3,68,1483,3,120.96,1,7,20,14,15,11
1496,Spill Response Kits,14,14,1483,0,52.66,1,3,3,4,2,1
1497,Spill Control Supplies,59,59,1483,0,84.55,3,4,19,19,13,1
1498,Waste Disposal Bags,3,18,1483,1,25.58,9,5,1,2,1,0
1499,Geiger Counters,13,13,1483,0,387.94,0,1,1,0,9,2
1500,ESD Supplies,28,28,1483,0,62.72,2,14,4,5,3,0
1501,Radiation Protection Supplies,41,41,1483,0,269.57,1,0,6,6,24,4
1502,Drums,11,11,1483,0,65.71,0,0,3,6,1,1
1503,Biohazard Waste Containers,12,12,1483,0,44.5,1,4,0,3,1,3
1504,Safety Storage Cabinets,14,14,1483,0,244.78,0,1,0,3,8,2
1505,Lab Matting,32,32,1483,0,58.43,0,10,7,12,3,0
1506,Secondary Containment Equipment,1,1,1483,0,80.95,0,0,0,1,0,0
1507,Biohazard Waste Disposal Bags,15,15,1498,0,18.16,8,5,0,2,0,0
1508,Hazardous Storage Cans,38,38,1495,0,58.91,0,4,14,11,6,3
1509,Hazardous Storage Drums,16,16,1495,0,67.86,0,1,5,3,2,5
1510,Hazardous Storage Cabinets,11,11,1495,0,451.48,1,0,1,0,7,2
1511,Pipe Markers,16,16,1482,0,11.83,10,2,3,0,0,1
1512,Signs,932,932,1482,0,23.15,243,447,121,32,20,69
1513,Safety Barriers,33,436,1482,4,29.65,140,122,81,34,25,34
1514,Warning Lights,20,20,1482,0,56.31,3,8,5,0,4,0
1515,Labeling Tape,87,87,1482,0,41.25,16,21,22,17,7,4
1516,Safety Mirrors,21,21,1482,0,72.86,0,0,10,4,6,1
1517,Industrial Label Makers,18,18,1482,0,386.78,0,0,0,2,14,2
1518,Floor Markers,20,20,1482,0,75.56,1,7,9,0,3,0
1519,Flags,7,7,1482,0,61.96,1,2,2,1,1,0
1520,Tape,265,265,1513,0,24.53,99,71,50,13,12,20
1521,Cones,103,103,1513,0,28.32,24,41,17,5,6,10
1522,Chain Barriers,20,20,1513,0,70.77,1,5,5,6,3,0
1523,Rope Barriers,15,15,1513,0,73.32,1,0,3,9,2,0
1524,First Aid Supplies,203,203,1481,0,38.58,80,61,21,12,16,13
1525,Eye Wash Units,61,61,1481,0,65.55,15,16,14,7,8,1
1526,Fall Protection Hardware,3,3,1481,0,148.03,1,0,0,0,2,0
1527,Defibrillators,3,3,1481,0,212.67,0,0,0,0,3,0
1528,Lab Showers,2,2,1481,0,163.0,0,0,0,0,1,1
1529,Diagnostics & Screening,94,988,2,4,47.5,190,252,199,141,82,124
1530,Wound Care & Dressings,33,152,2,6,22.72,41,49,25,8,4,25
1531,Fluid Administration & Collection,58,167,2,3,28.6,39,47,38,9,3,31
1532,Examination Supplies & Consumables,42,88,2,3,23.99,31,25,16,3,4,9
1533,Sterilization & Infection Prevention,19,41,2,2,47.43,2,16,10,2,3,8
1534,Apparel & Gloves,0,95,2,4,22.14,27,27,13,7,1,20
1535,Furniture & Safety Equipment,88,111,2,2,160.2,3,25,14,19,31,19
1536,Recordkeeping & Labels,9,9,2,0,29.66,2,1,2,1,0,3
1537,Medical Chairs,2,2,1535,0,290.98,0,0,0,1,1,0
1538,Overbed Tables,21,21,1535,0,95.31,0,1,4,11,5,0
1539,Exam Gloves,32,32,1534,0,27.15,10,9,3,6,1,3
1540,Isolation Gowns,9,9,1534,0,21.42,2,3,3,0,0,1
1541,Face Masks,14,14,1534,0,17.26,7,3,2,0,0,2
1542,Patient Gowns,40,40,1534,0,19.03,8,12,5,1,0,14
1543,Disinfectant Sprays & Solutions,19,19,1533,0,33.58,2,6,5,0,2,4
1544,Disinfectant Wipes,3,3,1533,0,25.58,0,2,1,0,0,0
1545,Eye Charts,25,25,1532,0,22.59,12,6,3,0,2,2
1546,Applicators & Swabs,10,10,1532,0,18.34,2,4,1,1,0,2
1547,Exam Table Paper,11,11,1532,0,32.32,1,2,7,1,0,0
1548,Blood Lancets,47,47,1531,0,47.13,6,13,11,6,1,10
1549,Specimen Collection Containers,50,50,1531,0,20.61,15,16,12,2,0,5
1550,IV Poles,12,12,1531,0,31.23,0,2,6,1,0,3
1551,Compression Bandages,24,24,1530,0,13.72,12,8,4,0,0,0
1552,Cotton,30,30,1530,0,18.55,7,10,3,0,1,9
1553,Burn Care Products,16,16,1530,0,12.86,8,6,2,0,0,0
1554,Moleskin,23,23,1530,0,18.11,11,8,0,1,1,2
1555,Braces & Splints,22,22,1530,0,39.09,0,3,11,3,0,5
1556,Dressings,4,4,1530,0,74.45,0,0,1,1,1,1
1557,Stethoscopes,666,666,1529,0,44.73,136,174,112,117,52,75
1558,Sphygmomanometers,164,164,1529,0,46.41,2,48,71,17,10,16
1559,Spirometers,10,10,1529,0,55.44,1,5,0,0,2,2
1560,Pen Lights,54,54,1529,0,10.92,42,7,1,0,1,3
1561,Charts & Posters,22,22,1,0,25.0,2,12,1,1,1,5
1562,Anatomical Models,20,20,1,0,98.26,0,2,3,4,5,6
1563,Specimens,8,8,1,0,12.61,6,1,1,0,0,0
1564,Early Learning Classroom Supplies,18,18,1,0,99.03,2,4,4,2,6,0
1565,Scientific Gifts,21,21,1,0,29.34,1,6,6,2,0,6
1566,Optics,9,9,1,0,17.48,3,4,2,0,0,0
1567,Insects & Insect Kits,9,9,1,0,11.67,3,1,1,0,0,4
1568,Magnets,14,14,1,0,9.24,10,4,0,0,0,0
1569,Measurement Kits,11,11,1,0,11.23,8,1,1,0,0,1
1570,Fossils,16,16,1,0,19.93,6,3,4,1,0,2
1571,Model Animals,3,3,1,0,59.0,0,0,0,1,0,2
