id,name,productCount,subtreeProductCount,parent,numChildren,pathName,children,alsoCount,also
0,Musical Instruments,1210,0,0,13,['Musical Instruments'],"[1, 2, 3, 4, 5, 6, 7, 8, 9, 10, 11, 12, 13]",0,[]
1,Instrument Accessories,709,42715,0,8,"['Musical Instruments', 'Instrument Accessories']","[390, 391, 392, 393, 394, 395, 396, 397]",0,[]
2,Studio Recording Equipment,557,4801,0,11,"['Musical Instruments', 'Studio Recording Equipment']","[331, 332, 333, 334, 335, 336, 337, 338, 339, 340, 341]",40,"[(208, 156), (223, 67), (207, 33), (217, 30), (210, 29), (55, 26), (216, 16), (209, 13), (234, 7), (309, 7), (221, 6), (224, 6), (70, 6), (298, 4), (53, 4), (62, 4), (80, 4), (242, 3), (239, 3), (77, 3), (243, 2), (238, 2), (296, 2), (237, 2), (301, 2), (288, 2), (305, 2), (214, 1), (228, 1), (566, 1), (246, 1), (226, 1), (225, 1), (58, 1), (297, 1), (75, 1), (544, 1), (79, 1), (304, 1), (227, 1)]"
3,Wind & Woodwind Instruments,0,1870,0,1,"['Musical Instruments', 'Wind & Woodwind Instruments']",[310],0,[]
4,Microphones & Accessories,4,3910,0,2,"['Musical Instruments', 'Microphones & Accessories']","[287, 288]",0,[]
5,Amplifiers & Effects,0,3940,0,2,"['Musical Instruments', 'Amplifiers & Effects']","[244, 245]",0,[]
6,"DJ, Electronic Music & Karaoke",3,3054,0,3,"['Musical Instruments', 'DJ, Electronic Music & Karaoke']","[207, 208, 209]",0,[]
7,Band & Orchestra,0,2714,0,3,"['Musical Instruments', 'Band & Orchestra']","[171, 172, 173]",0,[]
8,Drums & Percussion,98,4893,0,6,"['Musical Instruments', 'Drums & Percussion']","[84, 85, 86, 87, 88, 89]",0,[]
9,Live Sound & Stage,3,5650,0,9,"['Musical Instruments', 'Live Sound & Stage']","[53, 54, 55, 56, 57, 58, 59, 60, 61]",0,[]
10,Keyboards,108,1219,0,3,"['Musical Instruments', 'Keyboards']","[44, 45, 46]",0,[]
11,Bass Guitars,313,1039,0,3,"['Musical Instruments', 'Bass Guitars']","[41, 42, 43]",0,[]
12,Guitars,114,6502,0,4,"['Musical Instruments', 'Guitars']","[31, 32, 33, 34]",0,[]
13,Stringed Instruments,0,1857,0,1,"['Musical Instruments', 'Stringed Instruments']",[14],0,[]
14,Folk & World,10,1857,13,16,"['Musical Instruments', 'Stringed Instruments', 'Folk & World']","[15, 16, 17, 18, 19, 20, 21, 22, 23, 24, 25, 26, 27, 28, 29, 30]",0,[]
15,Lutes,33,33,14,0,"['Musical Instruments', 'Stringed Instruments', 'Folk & World', 'Lutes']",[],0,[]
16,Sarods,3,3,14,0,"['Musical Instruments', 'Stringed Instruments', 'Folk & World', 'Sarods']",[],0,[]
17,Ukuleles,1037,1037,14,0,"['Musical Instruments', 'Stringed Instruments', 'Folk & World', 'Ukuleles']",[],0,[]
18,Banjos,270,270,14,0,"['Musical Instruments', 'Stringed Instruments', 'Folk & World', 'Banjos']",[],0,[]
19,Ouds,28,28,14,0,"['Musical Instruments', 'Stringed Instruments', 'Folk & World', 'Ouds']",[],0,[]
20,Mandolins,243,243,14,0,"['Musical Instruments', 'Stringed Instruments', 'Folk & World', 'Mandolins']",[],0,[]
21,Dulcimers,56,56,14,0,"['Musical Instruments', 'Stringed Instruments', 'Folk & World', 'Dulcimers']",[],1,"[(390, 1)]"
22,Autoharps,42,42,14,0,"['Musical Instruments', 'Stringed Instruments', 'Folk & World', 'Autoharps']",[],0,[]
23,Sitars,36,36,14,0,"['Musical Instruments', 'Stringed Instruments', 'Folk & World', 'Sitars']",[],0,[]
24,Santoors,5,5,14,0,"['Musical Instruments', 'Stringed Instruments', 'Folk & World', 'Santoors']",[],0,[]
25,Lap & Pedal Steel Guitars,37,37,14,0,"['Musical Instruments', 'Stringed Instruments', 'Folk & World', 'Lap & Pedal Steel Guitars']",[],0,[]
26,Psalteries,19,19,14,0,"['Musical Instruments', 'Stringed Instruments', 'Folk & World', 'Psalteries']",[],0,[]
27,Strum Sticks,6,6,14,0,"['Musical Instruments', 'Stringed Instruments', 'Folk & World', 'Strum Sticks']",[],0,[]
28,Guzhengs,7,7,14,0,"['Musical Instruments', 'Stringed Instruments', 'Folk & World', 'Guzhengs']",[],0,[]
29,Bouzoukis,11,11,14,0,"['Musical Instruments', 'Stringed Instruments', 'Folk & World', 'Bouzoukis']",[],0,[]
30,Tamburas,14,14,14,0,"['Musical Instruments', 'Stringed Instruments', 'Folk & World', 'Tamburas']",[],0,[]
31,Acoustic-Electric Guitars,1315,1315,12,0,"['Musical Instruments', 'Guitars', 'Acoustic-Electric Guitars']",[],1,"[(33, 4)]"
32,Classical & Nylon-String Guitars,399,399,12,0,"['Musical Instruments', 'Guitars', 'Classical & Nylon-String Guitars']",[],1,"[(33, 3)]"
33,Acoustic Guitars,118,1468,12,3,"['Musical Instruments', 'Guitars', 'Acoustic Guitars']","[38, 39, 40]",2,"[(31, 4), (32, 3)]"
34,Electric Guitars,114,3213,12,3,"['Musical Instruments', 'Guitars', 'Electric Guitars']","[35, 36, 37]",0,[]
35,Beginner Kits,407,407,34,0,"['Musical Instruments', 'Guitars', 'Electric Guitars', 'Beginner Kits']",[],0,[]
36,Solid Body,2449,2449,34,0,"['Musical Instruments', 'Guitars', 'Electric Guitars', 'Solid Body']",[],0,[]
37,Hollow & Semi-Hollow Body,243,243,34,0,"['Musical Instruments', 'Guitars', 'Electric Guitars', 'Hollow & Semi-Hollow Body']",[],0,[]
38,Steel-string Acoustics,856,856,33,0,"['Musical Instruments', 'Guitars', 'Acoustic Guitars', 'Steel-string Acoustics']",[],0,[]
39,Beginner Kits,350,350,33,0,"['Musical Instruments', 'Guitars', 'Acoustic Guitars', 'Beginner Kits']",[],0,[]
40,Resonators,144,144,33,0,"['Musical Instruments', 'Guitars', 'Acoustic Guitars', 'Resonators']",[],0,[]
41,Beginner Kits,53,53,11,0,"['Musical Instruments', 'Bass Guitars', 'Beginner Kits']",[],0,[]
42,Electric Basses,599,599,11,0,"['Musical Instruments', 'Bass Guitars', 'Electric Basses']",[],0,[]
43,Acoustic & Acoustic-Electric Basses,74,74,11,0,"['Musical Instruments', 'Bass Guitars', 'Acoustic & Acoustic-Electric Basses']",[],0,[]
44,Electronic Keyboards,22,705,10,2,"['Musical Instruments', 'Keyboards', 'Electronic Keyboards']","[51, 52]",0,[]
45,Digital Pianos,237,237,10,0,"['Musical Instruments', 'Keyboards', 'Digital Pianos']",[],0,[]
46,Folk & World,0,169,10,4,"['Musical Instruments', 'Keyboards', 'Folk & World']","[47, 48, 49, 50]",0,[]
47,Accordions,108,108,46,0,"['Musical Instruments', 'Keyboards', 'Folk & World', 'Accordions']",[],0,[]
48,Thumb Pianos,39,39,46,0,"['Musical Instruments', 'Keyboards', 'Folk & World', 'Thumb Pianos']",[],0,[]
49,Concertinas,5,5,46,0,"['Musical Instruments', 'Keyboards', 'Folk & World', 'Concertinas']",[],0,[]
50,Harmoniums,17,17,46,0,"['Musical Instruments', 'Keyboards', 'Folk & World', 'Harmoniums']",[],0,[]
51,Portable Keyboards,522,522,44,0,"['Musical Instruments', 'Keyboards', 'Electronic Keyboards', 'Portable Keyboards']",[],0,[]
52,Synthesizers & Workstations,161,161,44,0,"['Musical Instruments', 'Keyboards', 'Electronic Keyboards', 'Synthesizers & Workstations']",[],1,"[(375, 1)]"
53,Lighting Equipment & Accessories,246,1741,9,6,"['Musical Instruments', 'Live Sound & Stage', 'Lighting Equipment & Accessories']","[77, 78, 79, 80, 81, 82]",2,"[(2, 4), (62, 4)]"
54,"Monitors, Speakers & Subwoofers",81,997,9,5,"['Musical Instruments', 'Live Sound & Stage', 'Monitors, Speakers & Subwoofers']","[70, 71, 72, 73, 74]",0,[]
55,PA Systems,285,285,9,0,"['Musical Instruments', 'Live Sound & Stage', 'PA Systems']",[],1,"[(2, 26)]"
56,Stage & Studio Cables,57,1995,9,6,"['Musical Instruments', 'Live Sound & Stage', 'Stage & Studio Cables']","[64, 65, 66, 67, 68, 69]",0,[]
57,"Monitor, Speaker & Subwoofer Parts",77,77,9,0,"['Musical Instruments', 'Live Sound & Stage', 'Monitor, Speaker & Subwoofer Parts']",[],0,[]
58,Power Amplifiers,251,251,9,0,"['Musical Instruments', 'Live Sound & Stage', 'Power Amplifiers']",[],1,"[(2, 1)]"
59,Powered Mixers,83,83,9,0,"['Musical Instruments', 'Live Sound & Stage', 'Powered Mixers']",[],0,[]
60,Special Effects,0,213,9,2,"['Musical Instruments', 'Live Sound & Stage', 'Special Effects']","[62, 63]",0,[]
61,Bags & Cases,9,9,9,0,"['Musical Instruments', 'Live Sound & Stage', 'Bags & Cases']",[],0,[]
62,Fog Machines,181,181,60,0,"['Musical Instruments', 'Live Sound & Stage', 'Special Effects', 'Fog Machines']",[],2,"[(2, 4), (53, 4)]"
63,Bubble Machines,32,32,60,0,"['Musical Instruments', 'Live Sound & Stage', 'Special Effects', 'Bubble Machines']",[],0,[]
64,Instrument Cables,824,824,56,0,"['Musical Instruments', 'Live Sound & Stage', 'Stage & Studio Cables', 'Instrument Cables']",[],0,[]
65,Microphone Cables,609,609,56,0,"['Musical Instruments', 'Live Sound & Stage', 'Stage & Studio Cables', 'Microphone Cables']",[],0,[]
66,MIDI Cables,79,79,56,0,"['Musical Instruments', 'Live Sound & Stage', 'Stage & Studio Cables', 'MIDI Cables']",[],0,[]
67,Speaker Cables,68,68,56,0,"['Musical Instruments', 'Live Sound & Stage', 'Stage & Studio Cables', 'Speaker Cables']",[],0,[]
68,Recording Snakes,244,244,56,0,"['Musical Instruments', 'Live Sound & Stage', 'Stage & Studio Cables', 'Recording Snakes']",[],0,[]
69,Patch Cables,114,114,56,0,"['Musical Instruments', 'Live Sound & Stage', 'Stage & Studio Cables', 'Patch Cables']",[],0,[]
70,Speakers,52,502,54,2,"['Musical Instruments', 'Live Sound & Stage', 'Monitors, Speakers & Subwoofers', 'Speakers']","[75, 76]",1,"[(2, 6)]"
71,Stage Speaker Stands,180,180,54,0,"['Musical Instruments', 'Live Sound & Stage', 'Monitors, Speakers & Subwoofers', 'Stage Speaker Stands']",[],0,[]
72,Stage Monitors,70,70,54,0,"['Musical Instruments', 'Live Sound & Stage', 'Monitors, Speakers & Subwoofers', 'Stage Monitors']",[],0,[]
73,Stage Subwoofers,53,53,54,0,"['Musical Instruments', 'Live Sound & Stage', 'Monitors, Speakers & Subwoofers', 'Stage Subwoofers']",[],0,[]
74,"Bags, Cases & Covers",111,111,54,0,"['Musical Instruments', 'Live Sound & Stage', 'Monitors, Speakers & Subwoofers', 'Bags, Cases & Covers']",[],0,[]
75,Unpowered Cabinets,148,148,70,0,"['Musical Instruments', 'Live Sound & Stage', 'Monitors, Speakers & Subwoofers', 'Speakers', 'Unpowered Cabinets']",[],1,"[(2, 1)]"
76,Powered Cabinets,302,302,70,0,"['Musical Instruments', 'Live Sound & Stage', 'Monitors, Speakers & Subwoofers', 'Speakers', 'Powered Cabinets']",[],0,[]
77,LED Lighting,1028,1028,53,0,"['Musical Instruments', 'Live Sound & Stage', 'Lighting Equipment & Accessories', 'LED Lighting']",[],1,"[(2, 3)]"
78,Mirror Balls,55,55,53,0,"['Musical Instruments', 'Live Sound & Stage', 'Lighting Equipment & Accessories', 'Mirror Balls']",[],0,[]
79,Lighting Accessories,146,170,53,1,"['Musical Instruments', 'Live Sound & Stage', 'Lighting Equipment & Accessories', 'Lighting Accessories']",[83],1,"[(2, 1)]"
80,Strobe Effects,90,90,53,0,"['Musical Instruments', 'Live Sound & Stage', 'Lighting Equipment & Accessories', 'Strobe Effects']",[],1,"[(2, 4)]"
81,Stage Lights,118,118,53,0,"['Musical Instruments', 'Live Sound & Stage', 'Lighting Equipment & Accessories', 'Stage Lights']",[],0,[]
82,Projection Effects,34,34,53,0,"['Musical Instruments', 'Live Sound & Stage', 'Lighting Equipment & Accessories', 'Projection Effects']",[],0,[]
83,Gels,24,24,79,0,"['Musical Instruments', 'Live Sound & Stage', 'Lighting Equipment & Accessories', 'Lighting Accessories', 'Gels']",[],0,[]
84,Drum Sets & Set Components,3,1652,8,6,"['Musical Instruments', 'Drums & Percussion', 'Drum Sets & Set Components']","[149, 150, 151, 152, 153, 154]",0,[]
85,Folk & World Hand Drums,64,1063,8,11,"['Musical Instruments', 'Drums & Percussion', 'Folk & World Hand Drums']","[133, 134, 135, 136, 137, 138, 139, 140, 141, 142, 143]",0,[]
86,Hand Percussion,18,1700,8,8,"['Musical Instruments', 'Drums & Percussion', 'Hand Percussion']","[108, 109, 110, 111, 112, 113, 114, 115]",0,[]
87,Electronic Drums,41,286,8,4,"['Musical Instruments', 'Drums & Percussion', 'Electronic Drums']","[104, 105, 106, 107]",0,[]
88,Concert Percussion,2,68,8,10,"['Musical Instruments', 'Drums & Percussion', 'Concert Percussion']","[94, 95, 96, 97, 98, 99, 100, 101, 102, 103]",0,[]
89,Marching Percussion,0,26,8,4,"['Musical Instruments', 'Drums & Percussion', 'Marching Percussion']","[90, 91, 92, 93]",0,[]
90,Marching Snare Drums,21,21,89,0,"['Musical Instruments', 'Drums & Percussion', 'Marching Percussion', 'Marching Snare Drums']",[],0,[]
91,Marching Bass Drums,1,1,89,0,"['Musical Instruments', 'Drums & Percussion', 'Marching Percussion', 'Marching Bass Drums']",[],0,[]
92,Marching Tom-Toms,3,3,89,0,"['Musical Instruments', 'Drums & Percussion', 'Marching Percussion', 'Marching Tom-Toms']",[],0,[]
93,Marching Cymbals,1,1,89,0,"['Musical Instruments', 'Drums & Percussion', 'Marching Percussion', 'Marching Cymbals']",[],0,[]
94,Marimbas,5,5,88,0,"['Musical Instruments', 'Drums & Percussion', 'Concert Percussion', 'Marimbas']",[],0,[]
95,Timpanis,1,1,88,0,"['Musical Instruments', 'Drums & Percussion', 'Concert Percussion', 'Timpanis']",[],0,[]
96,Concert Snare Drums,8,8,88,0,"['Musical Instruments', 'Drums & Percussion', 'Concert Percussion', 'Concert Snare Drums']",[],0,[]
97,Steel Drums,21,21,88,0,"['Musical Instruments', 'Drums & Percussion', 'Concert Percussion', 'Steel Drums']",[],0,[]
98,Concert Bass Drums,2,2,88,0,"['Musical Instruments', 'Drums & Percussion', 'Concert Percussion', 'Concert Bass Drums']",[],0,[]
99,Xylophones,16,16,88,0,"['Musical Instruments', 'Drums & Percussion', 'Concert Percussion', 'Xylophones']",[],0,[]
100,Glockenspiels,6,6,88,0,"['Musical Instruments', 'Drums & Percussion', 'Concert Percussion', 'Glockenspiels']",[],0,[]
101,Concert Cymbals,4,4,88,0,"['Musical Instruments', 'Drums & Percussion', 'Concert Percussion', 'Concert Cymbals']",[],0,[]
102,Concert Tom-Toms,2,2,88,0,"['Musical Instruments', 'Drums & Percussion', 'Concert Percussion', 'Concert Tom-Toms']",[],0,[]
103,Resonator Bells,1,1,88,0,"['Musical Instruments', 'Drums & Percussion', 'Concert Percussion', 'Resonator Bells']",[],0,[]
104,Drum Sets,132,132,87,0,"['Musical Instruments', 'Drums & Percussion', 'Electronic Drums', 'Drum Sets']",[],0,[]
105,Electronic Pads,89,89,87,0,"['Musical Instruments', 'Drums & Percussion', 'Electronic Drums', 'Electronic Pads']",[],0,[]
106,Controllers,9,9,87,0,"['Musical Instruments', 'Drums & Percussion', 'Electronic Drums', 'Controllers']",[],0,[]
107,Triggers,15,15,87,0,"['Musical Instruments', 'Drums & Percussion', 'Electronic Drums', 'Triggers']",[],0,[]
108,Folk & World,3,865,86,7,"['Musical Instruments', 'Drums & Percussion', 'Hand Percussion', 'Folk & World']","[119, 120, 121, 122, 123, 124, 125]",0,[]
109,Tambourines,225,225,86,0,"['Musical Instruments', 'Drums & Percussion', 'Hand Percussion', 'Tambourines']",[],0,[]
110,Hand Bells & Chimes,36,216,86,3,"['Musical Instruments', 'Drums & Percussion', 'Hand Percussion', 'Hand Bells & Chimes']","[116, 117, 118]",1,"[(115, 2)]"
111,Triangles,51,51,86,0,"['Musical Instruments', 'Drums & Percussion', 'Hand Percussion', 'Triangles']",[],0,[]
112,Finger Cymbals,47,47,86,0,"['Musical Instruments', 'Drums & Percussion', 'Hand Percussion', 'Finger Cymbals']",[],0,[]
113,Sound Effects,167,167,86,0,"['Musical Instruments', 'Drums & Percussion', 'Hand Percussion', 'Sound Effects']",[],0,[]
114,Wood Blocks,44,44,86,0,"['Musical Instruments', 'Drums & Percussion', 'Hand Percussion', 'Wood Blocks']",[],0,[]
115,Cowbells,69,69,86,0,"['Musical Instruments', 'Drums & Percussion', 'Hand Percussion', 'Cowbells']",[],1,"[(110, 2)]"
116,Handbells,68,68,110,0,"['Musical Instruments', 'Drums & Percussion', 'Hand Percussion', 'Hand Bells & Chimes', 'Handbells']",[],0,[]
117,Jingle Bells,75,75,110,0,"['Musical Instruments', 'Drums & Percussion', 'Hand Percussion', 'Hand Bells & Chimes', 'Jingle Bells']",[],0,[]
118,Chimes,37,37,110,0,"['Musical Instruments', 'Drums & Percussion', 'Hand Percussion', 'Hand Bells & Chimes', 'Chimes']",[],0,[]
119,Washboards,15,15,108,0,"['Musical Instruments', 'Drums & Percussion', 'Hand Percussion', 'Folk & World', 'Washboards']",[],0,[]
120,Singing Bowls,186,186,108,0,"['Musical Instruments', 'Drums & Percussion', 'Hand Percussion', 'Folk & World', 'Singing Bowls']",[],0,[]
121,Maracas & Shakers,5,343,108,3,"['Musical Instruments', 'Drums & Percussion', 'Hand Percussion', 'Folk & World', 'Maracas & Shakers']","[130, 131, 132]",0,[]
122,Cajons,134,134,108,0,"['Musical Instruments', 'Drums & Percussion', 'Hand Percussion', 'Folk & World', 'Cajons']",[],0,[]
123,Latin Percussion,0,115,108,4,"['Musical Instruments', 'Drums & Percussion', 'Hand Percussion', 'Folk & World', 'Latin Percussion']","[126, 127, 128, 129]",0,[]
124,Castanets,34,34,108,0,"['Musical Instruments', 'Drums & Percussion', 'Hand Percussion', 'Folk & World', 'Castanets']",[],0,[]
125,Rainsticks,35,35,108,0,"['Musical Instruments', 'Drums & Percussion', 'Hand Percussion', 'Folk & World', 'Rainsticks']",[],0,[]
126,Claves,32,32,123,0,"['Musical Instruments', 'Drums & Percussion', 'Hand Percussion', 'Folk & World', 'Latin Percussion', 'Claves']",[],0,[]
127,Guiros,50,50,123,0,"['Musical Instruments', 'Drums & Percussion', 'Hand Percussion', 'Folk & World', 'Latin Percussion', 'Guiros']",[],0,[]
128,Cabasas,16,16,123,0,"['Musical Instruments', 'Drums & Percussion', 'Hand Percussion', 'Folk & World', 'Latin Percussion', 'Cabasas']",[],0,[]
129,Agogo Bells,17,17,123,0,"['Musical Instruments', 'Drums & Percussion', 'Hand Percussion', 'Folk & World', 'Latin Percussion', 'Agogo Bells']",[],0,[]
130,Rattles,86,86,121,0,"['Musical Instruments', 'Drums & Percussion', 'Hand Percussion', 'Folk & World', 'Maracas & Shakers', 'Rattles']",[],0,[]
131,Shakers,251,251,121,0,"['Musical Instruments', 'Drums & Percussion', 'Hand Percussion', 'Folk & World', 'Maracas & Shakers', 'Shakers']",[],0,[]
132,Maracas,1,1,121,0,"['Musical Instruments', 'Drums & Percussion', 'Hand Percussion', 'Folk & World', 'Maracas & Shakers', 'Maracas']",[],0,[]
133,Bongos,153,153,85,0,"['Musical Instruments', 'Drums & Percussion', 'Folk & World Hand Drums', 'Bongos']",[],0,[]
134,Talking Drums,16,16,85,0,"['Musical Instruments', 'Drums & Percussion', 'Folk & World Hand Drums', 'Talking Drums']",[],0,[]
135,Djembes,355,355,85,0,"['Musical Instruments', 'Drums & Percussion', 'Folk & World Hand Drums', 'Djembes']",[],0,[]
136,"Congas, Quintos & Tumbas",4,153,85,3,"['Musical Instruments', 'Drums & Percussion', 'Folk & World Hand Drums', 'Congas, Quintos & Tumbas']","[146, 147, 148]",0,[]
137,Ocean Drums,10,10,85,0,"['Musical Instruments', 'Drums & Percussion', 'Folk & World Hand Drums', 'Ocean Drums']",[],0,[]
138,Doumbeks & Darbukas,3,107,85,2,"['Musical Instruments', 'Drums & Percussion', 'Folk & World Hand Drums', 'Doumbeks & Darbukas']","[144, 145]",0,[]
139,Bodhrans & Frame Drums,140,140,85,0,"['Musical Instruments', 'Drums & Percussion', 'Folk & World Hand Drums', 'Bodhrans & Frame Drums']",[],0,[]
140,Timbales,29,29,85,0,"['Musical Instruments', 'Drums & Percussion', 'Folk & World Hand Drums', 'Timbales']",[],0,[]
141,Tablas,24,24,85,0,"['Musical Instruments', 'Drums & Percussion', 'Folk & World Hand Drums', 'Tablas']",[],0,[]
142,Udu Drums,10,10,85,0,"['Musical Instruments', 'Drums & Percussion', 'Folk & World Hand Drums', 'Udu Drums']",[],0,[]
143,Ashikos,2,2,85,0,"['Musical Instruments', 'Drums & Percussion', 'Folk & World Hand Drums', 'Ashikos']",[],0,[]
144,Doumbeks,91,91,138,0,"['Musical Instruments', 'Drums & Percussion', 'Folk & World Hand Drums', 'Doumbeks & Darbukas', 'Doumbeks']",[],0,[]
145,Darbukas,13,13,138,0,"['Musical Instruments', 'Drums & Percussion', 'Folk & World Hand Drums', 'Doumbeks & Darbukas', 'Darbukas']",[],0,[]
146,Quintos,17,17,136,0,"['Musical Instruments', 'Drums & Percussion', 'Folk & World Hand Drums', 'Congas, Quintos & Tumbas', 'Quintos']",[],0,[]
147,Congas,122,122,136,0,"['Musical Instruments', 'Drums & Percussion', 'Folk & World Hand Drums', 'Congas, Quintos & Tumbas', 'Congas']",[],0,[]
148,Tumbas,10,10,136,0,"['Musical Instruments', 'Drums & Percussion', 'Folk & World Hand Drums', 'Congas, Quintos & Tumbas', 'Tumbas']",[],0,[]
149,Cymbals,8,827,84,7,"['Musical Instruments', 'Drums & Percussion', 'Drum Sets & Set Components', 'Cymbals']","[164, 165, 166, 167, 168, 169, 170]",0,[]
150,Drums,0,248,84,3,"['Musical Instruments', 'Drums & Percussion', 'Drum Sets & Set Components', 'Drums']","[158, 159, 160]",0,[]
151,Drum Sets,409,409,84,0,"['Musical Instruments', 'Drums & Percussion', 'Drum Sets & Set Components', 'Drum Sets']",[],0,[]
152,Gongs,54,54,84,0,"['Musical Instruments', 'Drums & Percussion', 'Drum Sets & Set Components', 'Gongs']",[],0,[]
153,Mounted Tambourines,9,9,84,0,"['Musical Instruments', 'Drums & Percussion', 'Drum Sets & Set Components', 'Mounted Tambourines']",[],0,[]
154,Bells & Chimes,0,102,84,3,"['Musical Instruments', 'Drums & Percussion', 'Drum Sets & Set Components', 'Bells & Chimes']","[155, 156, 157]",0,[]
155,Cowbells,54,54,154,0,"['Musical Instruments', 'Drums & Percussion', 'Drum Sets & Set Components', 'Bells & Chimes', 'Cowbells']",[],0,[]
156,Bar Chimes,45,45,154,0,"['Musical Instruments', 'Drums & Percussion', 'Drum Sets & Set Components', 'Bells & Chimes', 'Bar Chimes']",[],0,[]
157,Agogo Bells,3,3,154,0,"['Musical Instruments', 'Drums & Percussion', 'Drum Sets & Set Components', 'Bells & Chimes', 'Agogo Bells']",[],0,[]
158,Tom-Toms,11,29,150,3,"['Musical Instruments', 'Drums & Percussion', 'Drum Sets & Set Components', 'Drums', 'Tom-Toms']","[161, 162, 163]",0,[]
159,Bass Drums,27,27,150,0,"['Musical Instruments', 'Drums & Percussion', 'Drum Sets & Set Components', 'Drums', 'Bass Drums']",[],0,[]
160,Snare Drums,192,192,150,0,"['Musical Instruments', 'Drums & Percussion', 'Drum Sets & Set Components', 'Drums', 'Snare Drums']",[],0,[]
161,Floor Toms,10,10,158,0,"['Musical Instruments', 'Drums & Percussion', 'Drum Sets & Set Components', 'Drums', 'Tom-Toms', 'Floor Toms']",[],0,[]
162,Mounted Toms,7,7,158,0,"['Musical Instruments', 'Drums & Percussion', 'Drum Sets & Set Components', 'Drums', 'Tom-Toms', 'Mounted Toms']",[],0,[]
163,Roto Toms,1,1,158,0,"['Musical Instruments', 'Drums & Percussion', 'Drum Sets & Set Components', 'Drums', 'Tom-Toms', 'Roto Toms']",[],0,[]
164,Crash,302,302,149,0,"['Musical Instruments', 'Drums & Percussion', 'Drum Sets & Set Components', 'Cymbals', 'Crash']",[],0,[]
165,Hi-Hat,96,96,149,0,"['Musical Instruments', 'Drums & Percussion', 'Drum Sets & Set Components', 'Cymbals', 'Hi-Hat']",[],0,[]
166,Splash,59,59,149,0,"['Musical Instruments', 'Drums & Percussion', 'Drum Sets & Set Components', 'Cymbals', 'Splash']",[],0,[]
167,Ride,134,134,149,0,"['Musical Instruments', 'Drums & Percussion', 'Drum Sets & Set Components', 'Cymbals', 'Ride']",[],0,[]
168,China & Effect,121,121,149,0,"['Musical Instruments', 'Drums & Percussion', 'Drum Sets & Set Components', 'Cymbals', 'China & Effect']",[],0,[]
169,Variety Packs,85,85,149,0,"['Musical Instruments', 'Drums & Percussion', 'Drum Sets & Set Components', 'Cymbals', 'Variety Packs']",[],0,[]
170,Crash-Ride,22,22,149,0,"['Musical Instruments', 'Drums & Percussion', 'Drum Sets & Set Components', 'Cymbals', 'Crash-Ride']",[],0,[]
171,Orchestral Strings,1,1191,7,5,"['Musical Instruments', 'Band & Orchestra', 'Orchestral Strings']","[198, 199, 200, 201, 202]",0,[]
172,Wind & Woodwinds,10,1101,7,7,"['Musical Instruments', 'Band & Orchestra', 'Wind & Woodwinds']","[191, 192, 193, 194, 195, 196, 197]",0,[]
173,Brass,4,422,7,12,"['Musical Instruments', 'Band & Orchestra', 'Brass']","[174, 175, 176, 177, 178, 179, 180, 181, 182, 183, 184, 185]",0,[]
174,Trombones,103,103,173,0,"['Musical Instruments', 'Band & Orchestra', 'Brass', 'Trombones']",[],0,[]
175,Trumpets,95,192,173,3,"['Musical Instruments', 'Band & Orchestra', 'Brass', 'Trumpets']","[188, 189, 190]",0,[]
176,Tubas,14,14,173,0,"['Musical Instruments', 'Band & Orchestra', 'Brass', 'Tubas']",[],0,[]
177,Euphoniums,13,13,173,0,"['Musical Instruments', 'Band & Orchestra', 'Brass', 'Euphoniums']",[],0,[]
178,French Horns,9,31,173,2,"['Musical Instruments', 'Band & Orchestra', 'Brass', 'French Horns']","[186, 187]",0,[]
179,Baritone Horns,17,17,173,0,"['Musical Instruments', 'Band & Orchestra', 'Brass', 'Baritone Horns']",[],0,[]
180,Bugles,15,15,173,0,"['Musical Instruments', 'Band & Orchestra', 'Brass', 'Bugles']",[],0,[]
181,Flugelhorns,13,13,173,0,"['Musical Instruments', 'Band & Orchestra', 'Brass', 'Flugelhorns']",[],0,[]
182,Cornets,12,12,173,0,"['Musical Instruments', 'Band & Orchestra', 'Brass', 'Cornets']",[],0,[]
183,Sousaphones,1,1,173,0,"['Musical Instruments', 'Band & Orchestra', 'Brass', 'Sousaphones']",[],0,[]
184,Mellophones,2,2,173,0,"['Musical Instruments', 'Band & Orchestra', 'Brass', 'Mellophones']",[],0,[]
185,Alto Horns,5,5,173,0,"['Musical Instruments', 'Band & Orchestra', 'Brass', 'Alto Horns']",[],0,[]
186,Double French Horns,18,18,178,0,"['Musical Instruments', 'Band & Orchestra', 'Brass', 'French Horns', 'Double French Horns']",[],0,[]
187,Single French Horns,4,4,178,0,"['Musical Instruments', 'Band & Orchestra', 'Brass', 'French Horns', 'Single French Horns']",[],0,[]
188,Standard,58,58,175,0,"['Musical Instruments', 'Band & Orchestra', 'Brass', 'Trumpets', 'Standard']",[],0,[]
189,Piccolo,8,8,175,0,"['Musical Instruments', 'Band & Orchestra', 'Brass', 'Trumpets', 'Piccolo']",[],0,[]
190,Pocket,31,31,175,0,"['Musical Instruments', 'Band & Orchestra', 'Brass', 'Trumpets', 'Pocket']",[],0,[]
191,Recorders,260,260,172,0,"['Musical Instruments', 'Band & Orchestra', 'Wind & Woodwinds', 'Recorders']",[],0,[]
192,Flutes,362,362,172,0,"['Musical Instruments', 'Band & Orchestra', 'Wind & Woodwinds', 'Flutes']",[],0,[]
193,Saxophones,253,253,172,0,"['Musical Instruments', 'Band & Orchestra', 'Wind & Woodwinds', 'Saxophones']",[],0,[]
194,Clarinets,155,155,172,0,"['Musical Instruments', 'Band & Orchestra', 'Wind & Woodwinds', 'Clarinets']",[],0,[]
195,Piccolos,35,35,172,0,"['Musical Instruments', 'Band & Orchestra', 'Wind & Woodwinds', 'Piccolos']",[],0,[]
196,Oboes,13,13,172,0,"['Musical Instruments', 'Band & Orchestra', 'Wind & Woodwinds', 'Oboes']",[],0,[]
197,Bassoons,13,13,172,0,"['Musical Instruments', 'Band & Orchestra', 'Wind & Woodwinds', 'Bassoons']",[],0,[]
198,Violins,9,769,171,2,"['Musical Instruments', 'Band & Orchestra', 'Orchestral Strings', 'Violins']","[205, 206]",0,[]
199,Upright Basses,10,68,171,2,"['Musical Instruments', 'Band & Orchestra', 'Orchestral Strings', 'Upright Basses']","[203, 204]",0,[]
200,Harps,92,92,171,0,"['Musical Instruments', 'Band & Orchestra', 'Orchestral Strings', 'Harps']",[],0,[]
201,Cellos,109,109,171,0,"['Musical Instruments', 'Band & Orchestra', 'Orchestral Strings', 'Cellos']",[],0,[]
202,Violas,152,152,171,0,"['Musical Instruments', 'Band & Orchestra', 'Orchestral Strings', 'Violas']",[],0,[]
203,Electric Upright Basses,23,23,199,0,"['Musical Instruments', 'Band & Orchestra', 'Orchestral Strings', 'Upright Basses', 'Electric Upright Basses']",[],0,[]
204,Acoustic Upright Basses,35,35,199,0,"['Musical Instruments', 'Band & Orchestra', 'Orchestral Strings', 'Upright Basses', 'Acoustic Upright Basses']",[],0,[]
205,Acoustic Violins,658,658,198,0,"['Musical Instruments', 'Band & Orchestra', 'Orchestral Strings', 'Violins', 'Acoustic Violins']",[],0,[]
206,Electric Violins,102,102,198,0,"['Musical Instruments', 'Band & Orchestra', 'Orchestral Strings', 'Violins', 'Electric Violins']",[],0,[]
207,DJ Equipment,96,2159,6,9,"['Musical Instruments', 'DJ, Electronic Music & Karaoke', 'DJ Equipment']","[222, 223, 224, 225, 226, 227, 228, 229, 230]",1,"[(2, 33)]"
208,Karaoke Equipment,243,729,6,4,"['Musical Instruments', 'DJ, Electronic Music & Karaoke', 'Karaoke Equipment']","[216, 217, 218, 219]",3,"[(2, 156), (390, 3), (375, 1)]"
209,Electronic Music,34,163,6,6,"['Musical Instruments', 'DJ, Electronic Music & Karaoke', 'Electronic Music']","[210, 211, 212, 213, 214, 215]",2,"[(2, 13), (377, 2)]"
210,Audio Samplers,39,39,209,0,"['Musical Instruments', 'DJ, Electronic Music & Karaoke', 'Electronic Music', 'Audio Samplers']",[],1,"[(2, 29)]"
211,Drum Machines,36,36,209,0,"['Musical Instruments', 'DJ, Electronic Music & Karaoke', 'Electronic Music', 'Drum Machines']",[],0,[]
212,Sound Modules,20,20,209,0,"['Musical Instruments', 'DJ, Electronic Music & Karaoke', 'Electronic Music', 'Sound Modules']",[],0,[]
213,Audio Sequencers,7,7,209,0,"['Musical Instruments', 'DJ, Electronic Music & Karaoke', 'Electronic Music', 'Audio Sequencers']",[],0,[]
214,Production Stations,12,12,209,0,"['Musical Instruments', 'DJ, Electronic Music & Karaoke', 'Electronic Music', 'Production Stations']",[],1,"[(2, 1)]"
215,Tabletop Synthesizers,15,15,209,0,"['Musical Instruments', 'DJ, Electronic Music & Karaoke', 'Electronic Music', 'Tabletop Synthesizers']",[],0,[]
216,Players,239,239,208,0,"['Musical Instruments', 'DJ, Electronic Music & Karaoke', 'Karaoke Equipment', 'Players']",[],1,"[(2, 16)]"
217,Systems,42,230,208,2,"['Musical Instruments', 'DJ, Electronic Music & Karaoke', 'Karaoke Equipment', 'Systems']","[220, 221]",1,"[(2, 30)]"
218,Stands & Hardware,14,14,208,0,"['Musical Instruments', 'DJ, Electronic Music & Karaoke', 'Karaoke Equipment', 'Stands & Hardware']",[],0,[]
219,Bags & Cases,3,3,208,0,"['Musical Instruments', 'DJ, Electronic Music & Karaoke', 'Karaoke Equipment', 'Bags & Cases']",[],0,[]
220,Home System Packages,71,71,217,0,"['Musical Instruments', 'DJ, Electronic Music & Karaoke', 'Karaoke Equipment', 'Systems', 'Home System Packages']",[],0,[]
221,Portable Systems,117,117,217,0,"['Musical Instruments', 'DJ, Electronic Music & Karaoke', 'Karaoke Equipment', 'Systems', 'Portable Systems']",[],2,"[(2, 6), (375, 1)]"
222,DJ Controllers,101,101,207,0,"['Musical Instruments', 'DJ, Electronic Music & Karaoke', 'DJ Equipment', 'DJ Controllers']",[],0,[]
223,CD Players,76,125,207,2,"['Musical Instruments', 'DJ, Electronic Music & Karaoke', 'DJ Equipment', 'CD Players']","[242, 243]",1,"[(2, 67)]"
224,Accessories,78,1055,207,4,"['Musical Instruments', 'DJ, Electronic Music & Karaoke', 'DJ Equipment', 'Accessories']","[234, 235, 236, 237]",1,"[(2, 6)]"
225,Turntables,26,96,207,3,"['Musical Instruments', 'DJ, Electronic Music & Karaoke', 'DJ Equipment', 'Turntables']","[231, 232, 233]",1,"[(2, 1)]"
226,Mixers,435,435,207,0,"['Musical Instruments', 'DJ, Electronic Music & Karaoke', 'DJ Equipment', 'Mixers']",[],1,"[(2, 1)]"
227,DJ Headphones,132,132,207,0,"['Musical Instruments', 'DJ, Electronic Music & Karaoke', 'DJ Equipment', 'DJ Headphones']",[],1,"[(2, 1)]"
228,DJ Sets,111,111,207,0,"['Musical Instruments', 'DJ, Electronic Music & Karaoke', 'DJ Equipment', 'DJ Sets']",[],1,"[(2, 1)]"
229,Tape Decks,2,2,207,0,"['Musical Instruments', 'DJ, Electronic Music & Karaoke', 'DJ Equipment', 'Tape Decks']",[],0,[]
230,DJ Digital Media Players,6,6,207,0,"['Musical Instruments', 'DJ, Electronic Music & Karaoke', 'DJ Equipment', 'DJ Digital Media Players']",[],0,[]
231,Direct Drive,16,16,225,0,"['Musical Instruments', 'DJ, Electronic Music & Karaoke', 'DJ Equipment', 'Turntables', 'Direct Drive']",[],0,[]
232,Digital Turntables,39,39,225,0,"['Musical Instruments', 'DJ, Electronic Music & Karaoke', 'DJ Equipment', 'Turntables', 'Digital Turntables']",[],0,[]
233,Belt Drive,15,15,225,0,"['Musical Instruments', 'DJ, Electronic Music & Karaoke', 'DJ Equipment', 'Turntables', 'Belt Drive']",[],0,[]
234,Bags & Cases,168,549,224,4,"['Musical Instruments', 'DJ, Electronic Music & Karaoke', 'DJ Equipment', 'Accessories', 'Bags & Cases']","[238, 239, 240, 241]",1,"[(2, 7)]"
235,Turntable Cartridges,230,230,224,0,"['Musical Instruments', 'DJ, Electronic Music & Karaoke', 'DJ Equipment', 'Accessories', 'Turntable Cartridges']",[],0,[]
236,Racks & Stands,175,175,224,0,"['Musical Instruments', 'DJ, Electronic Music & Karaoke', 'DJ Equipment', 'Accessories', 'Racks & Stands']",[],0,[]
237,Slipmats,23,23,224,0,"['Musical Instruments', 'DJ, Electronic Music & Karaoke', 'DJ Equipment', 'Accessories', 'Slipmats']",[],1,"[(2, 2)]"
238,Cartridges,16,16,234,0,"['Musical Instruments', 'DJ, Electronic Music & Karaoke', 'DJ Equipment', 'Accessories', 'Bags & Cases', 'Cartridges']",[],1,"[(2, 2)]"
239,CD Players,40,40,234,0,"['Musical Instruments', 'DJ, Electronic Music & Karaoke', 'DJ Equipment', 'Accessories', 'Bags & Cases', 'CD Players']",[],1,"[(2, 3)]"
240,Mixers,299,299,234,0,"['Musical Instruments', 'DJ, Electronic Music & Karaoke', 'DJ Equipment', 'Accessories', 'Bags & Cases', 'Mixers']",[],0,[]
241,Turntables,26,26,234,0,"['Musical Instruments', 'DJ, Electronic Music & Karaoke', 'DJ Equipment', 'Accessories', 'Bags & Cases', 'Turntables']",[],0,[]
242,Single Disc,22,22,223,0,"['Musical Instruments', 'DJ, Electronic Music & Karaoke', 'DJ Equipment', 'CD Players', 'Single Disc']",[],1,"[(2, 3)]"
243,Multiple Disc,27,27,223,0,"['Musical Instruments', 'DJ, Electronic Music & Karaoke', 'DJ Equipment', 'CD Players', 'Multiple Disc']",[],1,"[(2, 2)]"
244,Guitar Effects,1,2496,5,3,"['Musical Instruments', 'Amplifiers & Effects', 'Guitar Effects']","[263, 264, 265]",0,[]
245,Guitar & Bass Amplifiers,16,1444,5,3,"['Musical Instruments', 'Amplifiers & Effects', 'Guitar & Bass Amplifiers']","[246, 247, 248]",0,[]
246,Electric Guitar Amplifiers,35,973,245,8,"['Musical Instruments', 'Amplifiers & Effects', 'Guitar & Bass Amplifiers', 'Electric Guitar Amplifiers']","[255, 256, 257, 258, 259, 260, 261, 262]",1,"[(2, 1)]"
247,Bass Guitar Amplifiers,13,356,245,4,"['Musical Instruments', 'Amplifiers & Effects', 'Guitar & Bass Amplifiers', 'Bass Guitar Amplifiers']","[251, 252, 253, 254]",0,[]
248,Acoustic Guitar Amplifiers & Preamps,0,99,245,2,"['Musical Instruments', 'Amplifiers & Effects', 'Guitar & Bass Amplifiers', 'Acoustic Guitar Amplifiers & Preamps']","[249, 250]",0,[]
249,Preamps,21,21,248,0,"['Musical Instruments', 'Amplifiers & Effects', 'Guitar & Bass Amplifiers', 'Acoustic Guitar Amplifiers & Preamps', 'Preamps']",[],0,[]
250,Amplifiers,78,78,248,0,"['Musical Instruments', 'Amplifiers & Effects', 'Guitar & Bass Amplifiers', 'Acoustic Guitar Amplifiers & Preamps', 'Amplifiers']",[],0,[]
251,Combo Amps,142,142,247,0,"['Musical Instruments', 'Amplifiers & Effects', 'Guitar & Bass Amplifiers', 'Bass Guitar Amplifiers', 'Combo Amps']",[],0,[]
252,Cabinets,93,93,247,0,"['Musical Instruments', 'Amplifiers & Effects', 'Guitar & Bass Amplifiers', 'Bass Guitar Amplifiers', 'Cabinets']",[],0,[]
253,Preamps,23,23,247,0,"['Musical Instruments', 'Amplifiers & Effects', 'Guitar & Bass Amplifiers', 'Bass Guitar Amplifiers', 'Preamps']",[],0,[]
254,Heads,85,85,247,0,"['Musical Instruments', 'Amplifiers & Effects', 'Guitar & Bass Amplifiers', 'Bass Guitar Amplifiers', 'Heads']",[],0,[]
255,Combo Amps,557,557,246,0,"['Musical Instruments', 'Amplifiers & Effects', 'Guitar & Bass Amplifiers', 'Electric Guitar Amplifiers', 'Combo Amps']",[],0,[]
256,Preamps,25,25,246,0,"['Musical Instruments', 'Amplifiers & Effects', 'Guitar & Bass Amplifiers', 'Electric Guitar Amplifiers', 'Preamps']",[],0,[]
257,Heads,135,135,246,0,"['Musical Instruments', 'Amplifiers & Effects', 'Guitar & Bass Amplifiers', 'Electric Guitar Amplifiers', 'Heads']",[],0,[]
258,Cabinets,97,97,246,0,"['Musical Instruments', 'Amplifiers & Effects', 'Guitar & Bass Amplifiers', 'Electric Guitar Amplifiers', 'Cabinets']",[],0,[]
259,Footswitches,34,34,246,0,"['Musical Instruments', 'Amplifiers & Effects', 'Guitar & Bass Amplifiers', 'Electric Guitar Amplifiers', 'Footswitches']",[],0,[]
260,Power Amps,26,26,246,0,"['Musical Instruments', 'Amplifiers & Effects', 'Guitar & Bass Amplifiers', 'Electric Guitar Amplifiers', 'Power Amps']",[],0,[]
261,Mini & Headphone Amps,61,61,246,0,"['Musical Instruments', 'Amplifiers & Effects', 'Guitar & Bass Amplifiers', 'Electric Guitar Amplifiers', 'Mini & Headphone Amps']",[],0,[]
262,Stacks,3,3,246,0,"['Musical Instruments', 'Amplifiers & Effects', 'Guitar & Bass Amplifiers', 'Electric Guitar Amplifiers', 'Stacks']",[],0,[]
263,Electric Guitar Effects,68,2357,244,2,"['Musical Instruments', 'Amplifiers & Effects', 'Guitar Effects', 'Electric Guitar Effects']","[272, 273]",1,"[(392, 1)]"
264,Bass Guitar Effects,13,125,244,2,"['Musical Instruments', 'Amplifiers & Effects', 'Guitar Effects', 'Bass Guitar Effects']","[266, 267]",0,[]
265,Acoustic Guitar Effects,13,13,244,0,"['Musical Instruments', 'Amplifiers & Effects', 'Guitar Effects', 'Acoustic Guitar Effects']",[],0,[]
266,Single Effects,21,87,264,4,"['Musical Instruments', 'Amplifiers & Effects', 'Guitar Effects', 'Bass Guitar Effects', 'Single Effects']","[268, 269, 270, 271]",0,[]
267,Multieffects,25,25,264,0,"['Musical Instruments', 'Amplifiers & Effects', 'Guitar Effects', 'Bass Guitar Effects', 'Multieffects']",[],0,[]
268,Wah & Filter,19,19,266,0,"['Musical Instruments', 'Amplifiers & Effects', 'Guitar Effects', 'Bass Guitar Effects', 'Single Effects', 'Wah & Filter']",[],0,[]
269,"Chorus, Flange & Tremolo",15,15,266,0,"['Musical Instruments', 'Amplifiers & Effects', 'Guitar Effects', 'Bass Guitar Effects', 'Single Effects', 'Chorus, Flange & Tremolo']",[],0,[]
270,Distortion & Overdrive,22,22,266,0,"['Musical Instruments', 'Amplifiers & Effects', 'Guitar Effects', 'Bass Guitar Effects', 'Single Effects', 'Distortion & Overdrive']",[],0,[]
271,Compression,10,10,266,0,"['Musical Instruments', 'Amplifiers & Effects', 'Guitar Effects', 'Bass Guitar Effects', 'Single Effects', 'Compression']",[],0,[]
272,Single Effects,84,1775,263,11,"['Musical Instruments', 'Amplifiers & Effects', 'Guitar Effects', 'Electric Guitar Effects', 'Single Effects']","[276, 277, 278, 279, 280, 281, 282, 283, 284, 285, 286]",1,"[(392, 8)]"
273,Multieffects,37,514,263,2,"['Musical Instruments', 'Amplifiers & Effects', 'Guitar Effects', 'Electric Guitar Effects', 'Multieffects']","[274, 275]",0,[]
274,Floor Multieffects,188,188,273,0,"['Musical Instruments', 'Amplifiers & Effects', 'Guitar Effects', 'Electric Guitar Effects', 'Multieffects', 'Floor Multieffects']",[],0,[]
275,Desktop & Rack Multieffects,289,289,273,0,"['Musical Instruments', 'Amplifiers & Effects', 'Guitar Effects', 'Electric Guitar Effects', 'Multieffects', 'Desktop & Rack Multieffects']",[],0,[]
276,Pitch & Octave,43,43,272,0,"['Musical Instruments', 'Amplifiers & Effects', 'Guitar Effects', 'Electric Guitar Effects', 'Single Effects', 'Pitch & Octave']",[],0,[]
277,Signal Path & Pedal Tuners,202,202,272,0,"['Musical Instruments', 'Amplifiers & Effects', 'Guitar Effects', 'Electric Guitar Effects', 'Single Effects', 'Signal Path & Pedal Tuners']",[],0,[]
278,Compression,61,61,272,0,"['Musical Instruments', 'Amplifiers & Effects', 'Guitar Effects', 'Electric Guitar Effects', 'Single Effects', 'Compression']",[],1,"[(392, 1)]"
279,Distortion & Overdrive,718,718,272,0,"['Musical Instruments', 'Amplifiers & Effects', 'Guitar Effects', 'Electric Guitar Effects', 'Single Effects', 'Distortion & Overdrive']",[],1,"[(392, 1)]"
280,"Chorus, Flange & Tremolo",200,200,272,0,"['Musical Instruments', 'Amplifiers & Effects', 'Guitar Effects', 'Electric Guitar Effects', 'Single Effects', 'Chorus, Flange & Tremolo']",[],0,[]
281,Delay & Reverb,193,193,272,0,"['Musical Instruments', 'Amplifiers & Effects', 'Guitar Effects', 'Electric Guitar Effects', 'Single Effects', 'Delay & Reverb']",[],0,[]
282,Wah & Filter,130,130,272,0,"['Musical Instruments', 'Amplifiers & Effects', 'Guitar Effects', 'Electric Guitar Effects', 'Single Effects', 'Wah & Filter']",[],0,[]
283,Volume & Expression,40,40,272,0,"['Musical Instruments', 'Amplifiers & Effects', 'Guitar Effects', 'Electric Guitar Effects', 'Single Effects', 'Volume & Expression']",[],1,"[(392, 1)]"
284,Equalization,33,33,272,0,"['Musical Instruments', 'Amplifiers & Effects', 'Guitar Effects', 'Electric Guitar Effects', 'Single Effects', 'Equalization']",[],0,[]
285,Noise Gates,17,17,272,0,"['Musical Instruments', 'Amplifiers & Effects', 'Guitar Effects', 'Electric Guitar Effects', 'Single Effects', 'Noise Gates']",[],1,"[(392, 1)]"
286,Loopers & Samplers,54,54,272,0,"['Musical Instruments', 'Amplifiers & Effects', 'Guitar Effects', 'Electric Guitar Effects', 'Single Effects', 'Loopers & Samplers']",[],0,[]
287,Accessories,79,1245,4,6,"['Musical Instruments', 'Microphones & Accessories', 'Accessories']","[304, 305, 306, 307, 308, 309]",0,[]
288,Microphones,220,2661,4,4,"['Musical Instruments', 'Microphones & Accessories', 'Microphones']","[289, 290, 291, 292]",1,"[(2, 2)]"
289,Dynamic Microphones,18,491,288,3,"['Musical Instruments', 'Microphones & Accessories', 'Microphones', 'Dynamic Microphones']","[301, 302, 303]",0,[]
290,Wireless Microphones,43,1245,288,5,"['Musical Instruments', 'Microphones & Accessories', 'Microphones', 'Wireless Microphones']","[296, 297, 298, 299, 300]",0,[]
291,Condenser Microphones,87,685,288,3,"['Musical Instruments', 'Microphones & Accessories', 'Microphones', 'Condenser Microphones']","[293, 294, 295]",0,[]
292,Ribbon Microphones,20,20,288,0,"['Musical Instruments', 'Microphones & Accessories', 'Microphones', 'Ribbon Microphones']",[],0,[]
293,Vocal,90,90,291,0,"['Musical Instruments', 'Microphones & Accessories', 'Microphones', 'Condenser Microphones', 'Vocal']",[],0,[]
294,Instrument,45,45,291,0,"['Musical Instruments', 'Microphones & Accessories', 'Microphones', 'Condenser Microphones', 'Instrument']",[],0,[]
295,Multipurpose,463,463,291,0,"['Musical Instruments', 'Microphones & Accessories', 'Microphones', 'Condenser Microphones', 'Multipurpose']",[],0,[]
296,Microphone Systems,732,732,290,0,"['Musical Instruments', 'Microphones & Accessories', 'Microphones', 'Wireless Microphones', 'Microphone Systems']",[],1,"[(2, 2)]"
297,Lapel Microphones,80,80,290,0,"['Musical Instruments', 'Microphones & Accessories', 'Microphones', 'Wireless Microphones', 'Lapel Microphones']",[],1,"[(2, 1)]"
298,Headset Microphones,216,216,290,0,"['Musical Instruments', 'Microphones & Accessories', 'Microphones', 'Wireless Microphones', 'Headset Microphones']",[],1,"[(2, 4)]"
299,Handheld Microphones,145,145,290,0,"['Musical Instruments', 'Microphones & Accessories', 'Microphones', 'Wireless Microphones', 'Handheld Microphones']",[],0,[]
300,Instrument Microphones,29,29,290,0,"['Musical Instruments', 'Microphones & Accessories', 'Microphones', 'Wireless Microphones', 'Instrument Microphones']",[],0,[]
301,Multipurpose,121,121,289,0,"['Musical Instruments', 'Microphones & Accessories', 'Microphones', 'Dynamic Microphones', 'Multipurpose']",[],1,"[(2, 2)]"
302,Vocal,264,264,289,0,"['Musical Instruments', 'Microphones & Accessories', 'Microphones', 'Dynamic Microphones', 'Vocal']",[],0,[]
303,Instrument,88,88,289,0,"['Musical Instruments', 'Microphones & Accessories', 'Microphones', 'Dynamic Microphones', 'Instrument']",[],0,[]
304,Windsreens & Pop Filters,257,257,287,0,"['Musical Instruments', 'Microphones & Accessories', 'Accessories', 'Windsreens & Pop Filters']",[],1,"[(2, 1)]"
305,Mic Stands,472,472,287,0,"['Musical Instruments', 'Microphones & Accessories', 'Accessories', 'Mic Stands']",[],1,"[(2, 2)]"
306,Clips & Mounts,268,268,287,0,"['Musical Instruments', 'Microphones & Accessories', 'Accessories', 'Clips & Mounts']",[],0,[]
307,Phantom Power Supplies,16,16,287,0,"['Musical Instruments', 'Microphones & Accessories', 'Accessories', 'Phantom Power Supplies']",[],0,[]
308,Mic Preamps,114,114,287,0,"['Musical Instruments', 'Microphones & Accessories', 'Accessories', 'Mic Preamps']",[],0,[]
309,Bags & Cases,39,39,287,0,"['Musical Instruments', 'Microphones & Accessories', 'Accessories', 'Bags & Cases']",[],1,"[(2, 7)]"
310,Folk & World,1,1870,3,20,"['Musical Instruments', 'Wind & Woodwind Instruments', 'Folk & World']","[311, 312, 313, 314, 315, 316, 317, 318, 319, 320, 321, 322, 323, 324, 325, 326, 327, 328, 329, 330]",0,[]
311,Whistles,166,166,310,0,"['Musical Instruments', 'Wind & Woodwind Instruments', 'Folk & World', 'Whistles']",[],0,[]
312,Didgeridoos,60,60,310,0,"['Musical Instruments', 'Wind & Woodwind Instruments', 'Folk & World', 'Didgeridoos']",[],0,[]
313,Harmonicas,962,962,310,0,"['Musical Instruments', 'Wind & Woodwind Instruments', 'Folk & World', 'Harmonicas']",[],0,[]
314,Mouth Harps,22,22,310,0,"['Musical Instruments', 'Wind & Woodwind Instruments', 'Folk & World', 'Mouth Harps']",[],0,[]
315,Bagpipes,161,161,310,0,"['Musical Instruments', 'Wind & Woodwind Instruments', 'Folk & World', 'Bagpipes']",[],0,[]
316,Kazoos,49,49,310,0,"['Musical Instruments', 'Wind & Woodwind Instruments', 'Folk & World', 'Kazoos']",[],0,[]
317,Ocarinas,210,210,310,0,"['Musical Instruments', 'Wind & Woodwind Instruments', 'Folk & World', 'Ocarinas']",[],0,[]
318,Fifes,5,5,310,0,"['Musical Instruments', 'Wind & Woodwind Instruments', 'Folk & World', 'Fifes']",[],0,[]
319,Pan Pipes,26,26,310,0,"['Musical Instruments', 'Wind & Woodwind Instruments', 'Folk & World', 'Pan Pipes']",[],0,[]
320,Shofars,75,75,310,0,"['Musical Instruments', 'Wind & Woodwind Instruments', 'Folk & World', 'Shofars']",[],0,[]
321,Shruti Boxes,5,5,310,0,"['Musical Instruments', 'Wind & Woodwind Instruments', 'Folk & World', 'Shruti Boxes']",[],0,[]
322,Neys,1,1,310,0,"['Musical Instruments', 'Wind & Woodwind Instruments', 'Folk & World', 'Neys']",[],0,[]
323,Bamboo Flutes,91,91,310,0,"['Musical Instruments', 'Wind & Woodwind Instruments', 'Folk & World', 'Bamboo Flutes']",[],0,[]
324,Shawms,1,1,310,0,"['Musical Instruments', 'Wind & Woodwind Instruments', 'Folk & World', 'Shawms']",[],0,[]
325,Shakuhachis,21,21,310,0,"['Musical Instruments', 'Wind & Woodwind Instruments', 'Folk & World', 'Shakuhachis']",[],0,[]
326,Zurnas,2,2,310,0,"['Musical Instruments', 'Wind & Woodwind Instruments', 'Folk & World', 'Zurnas']",[],0,[]
327,Shenais,1,1,310,0,"['Musical Instruments', 'Wind & Woodwind Instruments', 'Folk & World', 'Shenais']",[],0,[]
328,Bamboo Clarinets,4,4,310,0,"['Musical Instruments', 'Wind & Woodwind Instruments', 'Folk & World', 'Bamboo Clarinets']",[],0,[]
329,Bamboo Saxophones,2,2,310,0,"['Musical Instruments', 'Wind & Woodwind Instruments', 'Folk & World', 'Bamboo Saxophones']",[],0,[]
330,Conch Shells,5,5,310,0,"['Musical Instruments', 'Wind & Woodwind Instruments', 'Folk & World', 'Conch Shells']",[],0,[]
331,Computer Recording,17,1858,2,5,"['Musical Instruments', 'Studio Recording Equipment', 'Computer Recording']","[375, 376, 377, 378, 379]",0,[]
332,Mastering Recorders,0,225,2,6,"['Musical Instruments', 'Studio Recording Equipment', 'Mastering Recorders']","[363, 364, 365, 366, 367, 368]",0,[]
333,Signal Processors,27,452,2,4,"['Musical Instruments', 'Studio Recording Equipment', 'Signal Processors']","[353, 354, 355, 356]",0,[]
334,Portable Recorders,154,154,2,0,"['Musical Instruments', 'Studio Recording Equipment', 'Portable Recorders']",[],0,[]
335,Studio Environment,42,616,2,4,"['Musical Instruments', 'Studio Recording Equipment', 'Studio Environment']","[349, 350, 351, 352]",0,[]
336,Studio Monitors,293,293,2,0,"['Musical Instruments', 'Studio Recording Equipment', 'Studio Monitors']",[],0,[]
337,Mixers & Accessories,1,411,2,2,"['Musical Instruments', 'Studio Recording Equipment', 'Mixers & Accessories']","[344, 345]",0,[]
338,Power Conditioners,74,74,2,0,"['Musical Instruments', 'Studio Recording Equipment', 'Power Conditioners']",[],0,[]
339,Multitrack Recorders,7,74,2,2,"['Musical Instruments', 'Studio Recording Equipment', 'Multitrack Recorders']","[342, 343]",0,[]
340,Headphone & In-Ear Audio Monitors,83,83,2,0,"['Musical Instruments', 'Studio Recording Equipment', 'Headphone & In-Ear Audio Monitors']",[],0,[]
341,Studio Subwoofers,4,4,2,0,"['Musical Instruments', 'Studio Recording Equipment', 'Studio Subwoofers']",[],0,[]
342,Digital,65,65,339,0,"['Musical Instruments', 'Studio Recording Equipment', 'Multitrack Recorders', 'Digital']",[],0,[]
343,Analog,2,2,339,0,"['Musical Instruments', 'Studio Recording Equipment', 'Multitrack Recorders', 'Analog']",[],0,[]
344,Mixers,25,261,337,1,"['Musical Instruments', 'Studio Recording Equipment', 'Mixers & Accessories', 'Mixers']",[348],0,[]
345,Accessories,11,149,337,2,"['Musical Instruments', 'Studio Recording Equipment', 'Mixers & Accessories', 'Accessories']","[346, 347]",0,[]
346,"Bags, Cases & Covers",123,123,345,0,"['Musical Instruments', 'Studio Recording Equipment', 'Mixers & Accessories', 'Accessories', 'Bags, Cases & Covers']",[],0,[]
347,Stands,15,15,345,0,"['Musical Instruments', 'Studio Recording Equipment', 'Mixers & Accessories', 'Accessories', 'Stands']",[],0,[]
348,Unpowered,236,236,344,0,"['Musical Instruments', 'Studio Recording Equipment', 'Mixers & Accessories', 'Mixers', 'Unpowered']",[],0,[]
349,Racks,114,114,335,0,"['Musical Instruments', 'Studio Recording Equipment', 'Studio Environment', 'Racks']",[],0,[]
350,Rack Accessories,204,204,335,0,"['Musical Instruments', 'Studio Recording Equipment', 'Studio Environment', 'Rack Accessories']",[],0,[]
351,Acoustical Treatments,223,223,335,0,"['Musical Instruments', 'Studio Recording Equipment', 'Studio Environment', 'Acoustical Treatments']",[],0,[]
352,Furniture,33,33,335,0,"['Musical Instruments', 'Studio Recording Equipment', 'Studio Environment', 'Furniture']",[],0,[]
353,Direct Boxes,98,98,333,0,"['Musical Instruments', 'Studio Recording Equipment', 'Signal Processors', 'Direct Boxes']",[],0,[]
354,Effects Processors,20,261,333,6,"['Musical Instruments', 'Studio Recording Equipment', 'Signal Processors', 'Effects Processors']","[357, 358, 359, 360, 361, 362]",0,[]
355,Converters,65,65,333,0,"['Musical Instruments', 'Studio Recording Equipment', 'Signal Processors', 'Converters']",[],0,[]
356,A-D & D-A Converters,1,1,333,0,"['Musical Instruments', 'Studio Recording Equipment', 'Signal Processors', 'A-D & D-A Converters']",[],0,[]
357,Digital Reverb & Delay,11,11,354,0,"['Musical Instruments', 'Studio Recording Equipment', 'Signal Processors', 'Effects Processors', 'Digital Reverb & Delay']",[],0,[]
358,Multieffects Processors,43,43,354,0,"['Musical Instruments', 'Studio Recording Equipment', 'Signal Processors', 'Effects Processors', 'Multieffects Processors']",[],0,[]
359,"Compressors, Limiters & Gates",27,27,354,0,"['Musical Instruments', 'Studio Recording Equipment', 'Signal Processors', 'Effects Processors', 'Compressors, Limiters & Gates']",[],0,[]
360,Equalizers & Feedback Controllers,79,79,354,0,"['Musical Instruments', 'Studio Recording Equipment', 'Signal Processors', 'Effects Processors', 'Equalizers & Feedback Controllers']",[],0,[]
361,Exciters & Enhancers,12,12,354,0,"['Musical Instruments', 'Studio Recording Equipment', 'Signal Processors', 'Effects Processors', 'Exciters & Enhancers']",[],0,[]
362,Vocal Effects Processors,69,69,354,0,"['Musical Instruments', 'Studio Recording Equipment', 'Signal Processors', 'Effects Processors', 'Vocal Effects Processors']",[],0,[]
363,DVD Recorders & Duplicators,112,153,332,2,"['Musical Instruments', 'Studio Recording Equipment', 'Mastering Recorders', 'DVD Recorders & Duplicators']","[373, 374]",0,[]
364,CD Recorders & Duplicators,16,36,332,2,"['Musical Instruments', 'Studio Recording Equipment', 'Mastering Recorders', 'CD Recorders & Duplicators']","[371, 372]",0,[]
365,Minidisc Recorders,10,10,332,0,"['Musical Instruments', 'Studio Recording Equipment', 'Mastering Recorders', 'Minidisc Recorders']",[],0,[]
366,Cassette Recorders & Duplicators,6,15,332,2,"['Musical Instruments', 'Studio Recording Equipment', 'Mastering Recorders', 'Cassette Recorders & Duplicators']","[369, 370]",0,[]
367,CompactFlash Recorders,10,10,332,0,"['Musical Instruments', 'Studio Recording Equipment', 'Mastering Recorders', 'CompactFlash Recorders']",[],0,[]
368,Combo Decks,1,1,332,0,"['Musical Instruments', 'Studio Recording Equipment', 'Mastering Recorders', 'Combo Decks']",[],0,[]
369,Recorders,7,7,366,0,"['Musical Instruments', 'Studio Recording Equipment', 'Mastering Recorders', 'Cassette Recorders & Duplicators', 'Recorders']",[],0,[]
370,Duplicators,2,2,366,0,"['Musical Instruments', 'Studio Recording Equipment', 'Mastering Recorders', 'Cassette Recorders & Duplicators', 'Duplicators']",[],0,[]
371,Recorders,6,6,364,0,"['Musical Instruments', 'Studio Recording Equipment', 'Mastering Recorders', 'CD Recorders & Duplicators', 'Recorders']",[],0,[]
372,Duplicators,14,14,364,0,"['Musical Instruments', 'Studio Recording Equipment', 'Mastering Recorders', 'CD Recorders & Duplicators', 'Duplicators']",[],0,[]
373,Recorders,28,28,363,0,"['Musical Instruments', 'Studio Recording Equipment', 'Mastering Recorders', 'DVD Recorders & Duplicators', 'Recorders']",[],0,[]
374,Duplicators,13,13,363,0,"['Musical Instruments', 'Studio Recording Equipment', 'Mastering Recorders', 'DVD Recorders & Duplicators', 'Duplicators']",[],0,[]
375,Software,255,966,331,10,"['Musical Instruments', 'Studio Recording Equipment', 'Computer Recording', 'Software']","[380, 381, 382, 383, 384, 385, 386, 387, 388, 389]",5,"[(379, 2), (221, 1), (208, 1), (52, 1), (390, 1)]"
376,Audio Interfaces,499,499,331,0,"['Musical Instruments', 'Studio Recording Equipment', 'Computer Recording', 'Audio Interfaces']",[],0,[]
377,MIDI Interfaces,70,70,331,0,"['Musical Instruments', 'Studio Recording Equipment', 'Computer Recording', 'MIDI Interfaces']",[],1,"[(209, 2)]"
378,MIDI Controllers,263,263,331,0,"['Musical Instruments', 'Studio Recording Equipment', 'Computer Recording', 'MIDI Controllers']",[],0,[]
379,Digital Audio Workstation Controllers,45,45,331,0,"['Musical Instruments', 'Studio Recording Equipment', 'Computer Recording', 'Digital Audio Workstation Controllers']",[],1,"[(375, 2)]"
380,MIDI,62,62,375,0,"['Musical Instruments', 'Studio Recording Equipment', 'Computer Recording', 'Software', 'MIDI']",[],2,"[(381, 30), (382, 14)]"
381,Music Creation & Sequencing,128,128,375,0,"['Musical Instruments', 'Studio Recording Equipment', 'Computer Recording', 'Software', 'Music Creation & Sequencing']",[],4,"[(382, 43), (380, 30), (384, 1), (385, 1)]"
382,Sound Editing,162,162,375,0,"['Musical Instruments', 'Studio Recording Equipment', 'Computer Recording', 'Software', 'Sound Editing']",[],2,"[(381, 43), (380, 14)]"
383,Production Stations,84,84,375,0,"['Musical Instruments', 'Studio Recording Equipment', 'Computer Recording', 'Software', 'Production Stations']",[],0,[]
384,Looping & Remixing,49,49,375,0,"['Musical Instruments', 'Studio Recording Equipment', 'Computer Recording', 'Software', 'Looping & Remixing']",[],1,"[(381, 1)]"
385,Audio Plug-Ins,55,55,375,0,"['Musical Instruments', 'Studio Recording Equipment', 'Computer Recording', 'Software', 'Audio Plug-Ins']",[],1,"[(381, 1)]"
386,Virtual Instruments,151,151,375,0,"['Musical Instruments', 'Studio Recording Equipment', 'Computer Recording', 'Software', 'Virtual Instruments']",[],0,[]
387,Synthesizers,23,23,375,0,"['Musical Instruments', 'Studio Recording Equipment', 'Computer Recording', 'Software', 'Synthesizers']",[],0,[]
388,Sampling,5,5,375,0,"['Musical Instruments', 'Studio Recording Equipment', 'Computer Recording', 'Software', 'Sampling']",[],0,[]
389,Recording,68,68,375,0,"['Musical Instruments', 'Studio Recording Equipment', 'Computer Recording', 'Software', 'Recording']",[],0,[]
390,General Accessories,12161,18291,1,9,"['Musical Instruments', 'Instrument Accessories', 'General Accessories']","[658, 659, 660, 661, 662, 663, 664, 665, 666]",3,"[(208, 3), (375, 1), (21, 1)]"
391,Wind & Woodwind Accessories,176,1987,1,8,"['Musical Instruments', 'Instrument Accessories', 'Wind & Woodwind Accessories']","[607, 608, 609, 610, 611, 612, 613, 614]",0,[]
392,Guitar & Bass Accessories,295,12688,1,16,"['Musical Instruments', 'Instrument Accessories', 'Guitar & Bass Accessories']","[534, 535, 536, 537, 538, 539, 540, 541, 542, 543, 544, 545, 546, 547, 548, 549]",6,"[(272, 8), (278, 1), (283, 1), (263, 1), (285, 1), (279, 1)]"
393,Keyboard Accessories,80,920,1,11,"['Musical Instruments', 'Instrument Accessories', 'Keyboard Accessories']","[523, 524, 525, 526, 527, 528, 529, 530, 531, 532, 533]",0,[]
394,Brass Accessories,177,1171,1,5,"['Musical Instruments', 'Instrument Accessories', 'Brass Accessories']","[504, 505, 506, 507, 508]",0,[]
395,Drum & Percussion Accessories,252,4027,1,13,"['Musical Instruments', 'Instrument Accessories', 'Drum & Percussion Accessories']","[435, 436, 437, 438, 439, 440, 441, 442, 443, 444, 445, 446, 447]",0,[]
396,Orchestral Strings Accessories,138,2260,1,9,"['Musical Instruments', 'Instrument Accessories', 'Orchestral Strings Accessories']","[403, 404, 405, 406, 407, 408, 409, 410, 411]",0,[]
397,Folk & World Instrument Accessories,11,662,1,5,"['Musical Instruments', 'Instrument Accessories', 'Folk & World Instrument Accessories']","[398, 399, 400, 401, 402]",0,[]
398,Banjo Accessories,206,206,397,0,"['Musical Instruments', 'Instrument Accessories', 'Folk & World Instrument Accessories', 'Banjo Accessories']",[],0,[]
399,Mandolin Accessories,144,144,397,0,"['Musical Instruments', 'Instrument Accessories', 'Folk & World Instrument Accessories', 'Mandolin Accessories']",[],0,[]
400,Ukulele Accessories,266,266,397,0,"['Musical Instruments', 'Instrument Accessories', 'Folk & World Instrument Accessories', 'Ukulele Accessories']",[],0,[]
401,Autoharp Accessories,21,21,397,0,"['Musical Instruments', 'Instrument Accessories', 'Folk & World Instrument Accessories', 'Autoharp Accessories']",[],0,[]
402,Dulcimer Accessories,14,14,397,0,"['Musical Instruments', 'Instrument Accessories', 'Folk & World Instrument Accessories', 'Dulcimer Accessories']",[],0,[]
403,Strings,1,469,396,4,"['Musical Instruments', 'Instrument Accessories', 'Orchestral Strings Accessories', 'Strings']","[431, 432, 433, 434]",0,[]
404,Rosin,6,131,396,4,"['Musical Instruments', 'Instrument Accessories', 'Orchestral Strings Accessories', 'Rosin']","[427, 428, 429, 430]",0,[]
405,Parts,1,305,396,4,"['Musical Instruments', 'Instrument Accessories', 'Orchestral Strings Accessories', 'Parts']","[423, 424, 425, 426]",0,[]
406,Bags & Cases,2,364,396,4,"['Musical Instruments', 'Instrument Accessories', 'Orchestral Strings Accessories', 'Bags & Cases']","[419, 420, 421, 422]",0,[]
407,Shoulder & Chin Rests,0,357,396,2,"['Musical Instruments', 'Instrument Accessories', 'Orchestral Strings Accessories', 'Shoulder & Chin Rests']","[417, 418]",0,[]
408,Cleaning & Care,35,35,396,0,"['Musical Instruments', 'Instrument Accessories', 'Orchestral Strings Accessories', 'Cleaning & Care']",[],0,[]
409,Stands & Hangers,48,61,396,1,"['Musical Instruments', 'Instrument Accessories', 'Orchestral Strings Accessories', 'Stands & Hangers']",[416],0,[]
410,Bows,0,364,396,4,"['Musical Instruments', 'Instrument Accessories', 'Orchestral Strings Accessories', 'Bows']","[412, 413, 414, 415]",0,[]
411,Endpin Rests,36,36,396,0,"['Musical Instruments', 'Instrument Accessories', 'Orchestral Strings Accessories', 'Endpin Rests']",[],0,[]
412,Viola,29,29,410,0,"['Musical Instruments', 'Instrument Accessories', 'Orchestral Strings Accessories', 'Bows', 'Viola']",[],0,[]
413,Violin,243,243,410,0,"['Musical Instruments', 'Instrument Accessories', 'Orchestral Strings Accessories', 'Bows', 'Violin']",[],0,[]
414,Upright Bass,29,29,410,0,"['Musical Instruments', 'Instrument Accessories', 'Orchestral Strings Accessories', 'Bows', 'Upright Bass']",[],0,[]
415,Cello,63,63,410,0,"['Musical Instruments', 'Instrument Accessories', 'Orchestral Strings Accessories', 'Bows', 'Cello']",[],0,[]
416,Cello,13,13,409,0,"['Musical Instruments', 'Instrument Accessories', 'Orchestral Strings Accessories', 'Stands & Hangers', 'Cello']",[],0,[]
417,Violin,307,307,407,0,"['Musical Instruments', 'Instrument Accessories', 'Orchestral Strings Accessories', 'Shoulder & Chin Rests', 'Violin']",[],0,[]
418,Viola,50,50,407,0,"['Musical Instruments', 'Instrument Accessories', 'Orchestral Strings Accessories', 'Shoulder & Chin Rests', 'Viola']",[],0,[]
419,Violin,226,226,406,0,"['Musical Instruments', 'Instrument Accessories', 'Orchestral Strings Accessories', 'Bags & Cases', 'Violin']",[],0,[]
420,Cello,69,69,406,0,"['Musical Instruments', 'Instrument Accessories', 'Orchestral Strings Accessories', 'Bags & Cases', 'Cello']",[],0,[]
421,Upright Bass,31,31,406,0,"['Musical Instruments', 'Instrument Accessories', 'Orchestral Strings Accessories', 'Bags & Cases', 'Upright Bass']",[],0,[]
422,Viola,36,36,406,0,"['Musical Instruments', 'Instrument Accessories', 'Orchestral Strings Accessories', 'Bags & Cases', 'Viola']",[],0,[]
423,Violin,209,209,405,0,"['Musical Instruments', 'Instrument Accessories', 'Orchestral Strings Accessories', 'Parts', 'Violin']",[],0,[]
424,Cello,53,53,405,0,"['Musical Instruments', 'Instrument Accessories', 'Orchestral Strings Accessories', 'Parts', 'Cello']",[],0,[]
425,Viola,18,18,405,0,"['Musical Instruments', 'Instrument Accessories', 'Orchestral Strings Accessories', 'Parts', 'Viola']",[],0,[]
426,Upright Bass,24,24,405,0,"['Musical Instruments', 'Instrument Accessories', 'Orchestral Strings Accessories', 'Parts', 'Upright Bass']",[],0,[]
427,Cello,24,24,404,0,"['Musical Instruments', 'Instrument Accessories', 'Orchestral Strings Accessories', 'Rosin', 'Cello']",[],0,[]
428,Upright Bass,17,17,404,0,"['Musical Instruments', 'Instrument Accessories', 'Orchestral Strings Accessories', 'Rosin', 'Upright Bass']",[],0,[]
429,Violin,65,65,404,0,"['Musical Instruments', 'Instrument Accessories', 'Orchestral Strings Accessories', 'Rosin', 'Violin']",[],0,[]
430,Viola,19,19,404,0,"['Musical Instruments', 'Instrument Accessories', 'Orchestral Strings Accessories', 'Rosin', 'Viola']",[],0,[]
431,Upright Bass,41,41,403,0,"['Musical Instruments', 'Instrument Accessories', 'Orchestral Strings Accessories', 'Strings', 'Upright Bass']",[],0,[]
432,Violin,249,249,403,0,"['Musical Instruments', 'Instrument Accessories', 'Orchestral Strings Accessories', 'Strings', 'Violin']",[],0,[]
433,Viola,63,63,403,0,"['Musical Instruments', 'Instrument Accessories', 'Orchestral Strings Accessories', 'Strings', 'Viola']",[],0,[]
434,Cello,115,115,403,0,"['Musical Instruments', 'Instrument Accessories', 'Orchestral Strings Accessories', 'Strings', 'Cello']",[],0,[]
435,Concert Percussion Accessories,1,174,395,6,"['Musical Instruments', 'Instrument Accessories', 'Drum & Percussion Accessories', 'Concert Percussion Accessories']","[491, 492, 493, 494, 495, 496]",0,[]
436,"Drumsticks, Mallets & Brushes",0,1246,395,3,"['Musical Instruments', 'Instrument Accessories', 'Drum & Percussion Accessories', 'Drumsticks, Mallets & Brushes']","[488, 489, 490]",0,[]
437,Drum Set Accessories,31,1036,395,5,"['Musical Instruments', 'Instrument Accessories', 'Drum & Percussion Accessories', 'Drum Set Accessories']","[470, 471, 472, 473, 474]",2,"[(466, 7), (464, 2)]"
438,Practice Pads & Devices,148,148,395,0,"['Musical Instruments', 'Instrument Accessories', 'Drum & Percussion Accessories', 'Practice Pads & Devices']",[],0,[]
439,"Bags, Cases & Covers",6,616,395,4,"['Musical Instruments', 'Instrument Accessories', 'Drum & Percussion Accessories', 'Bags, Cases & Covers']","[466, 467, 468, 469]",0,[]
440,Hardware,0,331,395,2,"['Musical Instruments', 'Instrument Accessories', 'Drum & Percussion Accessories', 'Hardware']","[457, 458]",0,[]
441,Cleaning & Care,32,32,395,0,"['Musical Instruments', 'Instrument Accessories', 'Drum & Percussion Accessories', 'Cleaning & Care']",[],0,[]
442,Thrones,136,136,395,0,"['Musical Instruments', 'Instrument Accessories', 'Drum & Percussion Accessories', 'Thrones']",[],0,[]
443,Marching Percussion Accessories,0,23,395,2,"['Musical Instruments', 'Instrument Accessories', 'Drum & Percussion Accessories', 'Marching Percussion Accessories']","[448, 449]",0,[]
444,Rugs,11,11,395,0,"['Musical Instruments', 'Instrument Accessories', 'Drum & Percussion Accessories', 'Rugs']",[],0,[]
445,Electronic Drum Accessories,12,12,395,0,"['Musical Instruments', 'Instrument Accessories', 'Drum & Percussion Accessories', 'Electronic Drum Accessories']",[],0,[]
446,Electronic Drum Amps,14,14,395,0,"['Musical Instruments', 'Instrument Accessories', 'Drum & Percussion Accessories', 'Electronic Drum Amps']",[],0,[]
447,Drumheads,5,5,395,0,"['Musical Instruments', 'Instrument Accessories', 'Drum & Percussion Accessories', 'Drumheads']",[],0,[]
448,Drum Accessories,0,16,443,2,"['Musical Instruments', 'Instrument Accessories', 'Drum & Percussion Accessories', 'Marching Percussion Accessories', 'Drum Accessories']","[453, 454]",0,[]
449,Marching Drumheads,0,7,443,3,"['Musical Instruments', 'Instrument Accessories', 'Drum & Percussion Accessories', 'Marching Percussion Accessories', 'Marching Drumheads']","[450, 451, 452]",0,[]
450,Bass Drum,1,1,449,0,"['Musical Instruments', 'Instrument Accessories', 'Drum & Percussion Accessories', 'Marching Percussion Accessories', 'Marching Drumheads', 'Bass Drum']",[],0,[]
451,Snare Drum,5,5,449,0,"['Musical Instruments', 'Instrument Accessories', 'Drum & Percussion Accessories', 'Marching Percussion Accessories', 'Marching Drumheads', 'Snare Drum']",[],0,[]
452,Tom-Toms,1,1,449,0,"['Musical Instruments', 'Instrument Accessories', 'Drum & Percussion Accessories', 'Marching Percussion Accessories', 'Marching Drumheads', 'Tom-Toms']",[],0,[]
453,Bass Drum Accessories,0,9,448,2,"['Musical Instruments', 'Instrument Accessories', 'Drum & Percussion Accessories', 'Marching Percussion Accessories', 'Drum Accessories', 'Bass Drum Accessories']","[455, 456]",0,[]
454,Snare Drum Accessories,7,7,448,0,"['Musical Instruments', 'Instrument Accessories', 'Drum & Percussion Accessories', 'Marching Percussion Accessories', 'Drum Accessories', 'Snare Drum Accessories']",[],0,[]
455,"Bags, Cases & Covers",1,1,453,0,"['Musical Instruments', 'Instrument Accessories', 'Drum & Percussion Accessories', 'Marching Percussion Accessories', 'Drum Accessories', 'Bass Drum Accessories', 'Bags, Cases & Covers']",[],0,[]
456,Carriers,8,8,453,0,"['Musical Instruments', 'Instrument Accessories', 'Drum & Percussion Accessories', 'Marching Percussion Accessories', 'Drum Accessories', 'Bass Drum Accessories', 'Carriers']",[],0,[]
457,Mounting Hardware,47,322,440,6,"['Musical Instruments', 'Instrument Accessories', 'Drum & Percussion Accessories', 'Hardware', 'Mounting Hardware']","[460, 461, 462, 463, 464, 465]",0,[]
458,Stands & Racks,0,9,440,1,"['Musical Instruments', 'Instrument Accessories', 'Drum & Percussion Accessories', 'Hardware', 'Stands & Racks']",[459],0,[]
459,Bongo Stands,9,9,458,0,"['Musical Instruments', 'Instrument Accessories', 'Drum & Percussion Accessories', 'Hardware', 'Stands & Racks', 'Bongo Stands']",[],0,[]
460,Percussion Holders & Tables,35,35,457,0,"['Musical Instruments', 'Instrument Accessories', 'Drum & Percussion Accessories', 'Hardware', 'Mounting Hardware', 'Percussion Holders & Tables']",[],0,[]
461,Percussion Mounts,43,43,457,0,"['Musical Instruments', 'Instrument Accessories', 'Drum & Percussion Accessories', 'Hardware', 'Mounting Hardware', 'Percussion Mounts']",[],0,[]
462,Clamps,112,112,457,0,"['Musical Instruments', 'Instrument Accessories', 'Drum & Percussion Accessories', 'Hardware', 'Mounting Hardware', 'Clamps']",[],0,[]
463,Mounting Arms,28,28,457,0,"['Musical Instruments', 'Instrument Accessories', 'Drum & Percussion Accessories', 'Hardware', 'Mounting Hardware', 'Mounting Arms']",[],0,[]
464,Racks,48,48,457,0,"['Musical Instruments', 'Instrument Accessories', 'Drum & Percussion Accessories', 'Hardware', 'Mounting Hardware', 'Racks']",[],1,"[(437, 2)]"
465,Cymbal Stackers,9,9,457,0,"['Musical Instruments', 'Instrument Accessories', 'Drum & Percussion Accessories', 'Hardware', 'Mounting Hardware', 'Cymbal Stackers']",[],0,[]
466,"Drum Set Bags, Cases & Covers",509,509,439,0,"['Musical Instruments', 'Instrument Accessories', 'Drum & Percussion Accessories', 'Bags, Cases & Covers', 'Drum Set Bags, Cases & Covers']",[],1,"[(437, 7)]"
467,"Bass Drum Bags, Cases & Covers",6,6,439,0,"['Musical Instruments', 'Instrument Accessories', 'Drum & Percussion Accessories', 'Bags, Cases & Covers', 'Bass Drum Bags, Cases & Covers']",[],0,[]
468,Stick & Mallet Bags & Cases,83,83,439,0,"['Musical Instruments', 'Instrument Accessories', 'Drum & Percussion Accessories', 'Bags, Cases & Covers', 'Stick & Mallet Bags & Cases']",[],0,[]
469,Pedal Bags & Cases,12,12,439,0,"['Musical Instruments', 'Instrument Accessories', 'Drum & Percussion Accessories', 'Bags, Cases & Covers', 'Pedal Bags & Cases']",[],0,[]
470,Drumheads,5,458,437,3,"['Musical Instruments', 'Instrument Accessories', 'Drum & Percussion Accessories', 'Drum Set Accessories', 'Drumheads']","[485, 486, 487]",0,[]
471,Cymbal Accessories,15,204,437,1,"['Musical Instruments', 'Instrument Accessories', 'Drum & Percussion Accessories', 'Drum Set Accessories', 'Cymbal Accessories']",[481],0,[]
472,Drum Accessories,0,203,437,2,"['Musical Instruments', 'Instrument Accessories', 'Drum & Percussion Accessories', 'Drum Set Accessories', 'Drum Accessories']","[479, 480]",0,[]
473,Drum Keys & Wrenches,49,49,437,0,"['Musical Instruments', 'Instrument Accessories', 'Drum & Percussion Accessories', 'Drum Set Accessories', 'Drum Keys & Wrenches']",[],0,[]
474,Stands,0,91,437,4,"['Musical Instruments', 'Instrument Accessories', 'Drum & Percussion Accessories', 'Drum Set Accessories', 'Stands']","[475, 476, 477, 478]",0,[]
475,Snare Drum Stands,72,72,474,0,"['Musical Instruments', 'Instrument Accessories', 'Drum & Percussion Accessories', 'Drum Set Accessories', 'Stands', 'Snare Drum Stands']",[],0,[]
476,Tom-Tom Stands,14,14,474,0,"['Musical Instruments', 'Instrument Accessories', 'Drum & Percussion Accessories', 'Drum Set Accessories', 'Stands', 'Tom-Tom Stands']",[],0,[]
477,Gong Stands,3,3,474,0,"['Musical Instruments', 'Instrument Accessories', 'Drum & Percussion Accessories', 'Drum Set Accessories', 'Stands', 'Gong Stands']",[],0,[]
478,Bass Drum Stands,2,2,474,0,"['Musical Instruments', 'Instrument Accessories', 'Drum & Percussion Accessories', 'Drum Set Accessories', 'Stands', 'Bass Drum Stands']",[],0,[]
479,Bass Drum Pedals,181,181,472,0,"['Musical Instruments', 'Instrument Accessories', 'Drum & Percussion Accessories', 'Drum Set Accessories', 'Drum Accessories', 'Bass Drum Pedals']",[],0,[]
480,Bongo Accessories,22,22,472,0,"['Musical Instruments', 'Instrument Accessories', 'Drum & Percussion Accessories', 'Drum Set Accessories', 'Drum Accessories', 'Bongo Accessories']",[],0,[]
481,Stands,14,189,471,3,"['Musical Instruments', 'Instrument Accessories', 'Drum & Percussion Accessories', 'Drum Set Accessories', 'Cymbal Accessories', 'Stands']","[482, 483, 484]",0,[]
482,Hi-Hat,74,74,481,0,"['Musical Instruments', 'Instrument Accessories', 'Drum & Percussion Accessories', 'Drum Set Accessories', 'Cymbal Accessories', 'Stands', 'Hi-Hat']",[],0,[]
483,Boom,63,63,481,0,"['Musical Instruments', 'Instrument Accessories', 'Drum & Percussion Accessories', 'Drum Set Accessories', 'Cymbal Accessories', 'Stands', 'Boom']",[],0,[]
484,Straight,38,38,481,0,"['Musical Instruments', 'Instrument Accessories', 'Drum & Percussion Accessories', 'Drum Set Accessories', 'Cymbal Accessories', 'Stands', 'Straight']",[],0,[]
485,Tom-Tom Drumheads,169,169,470,0,"['Musical Instruments', 'Instrument Accessories', 'Drum & Percussion Accessories', 'Drum Set Accessories', 'Drumheads', 'Tom-Tom Drumheads']",[],0,[]
486,Bass Drumheads,168,168,470,0,"['Musical Instruments', 'Instrument Accessories', 'Drum & Percussion Accessories', 'Drum Set Accessories', 'Drumheads', 'Bass Drumheads']",[],0,[]
487,Snare Drumheads,116,116,470,0,"['Musical Instruments', 'Instrument Accessories', 'Drum & Percussion Accessories', 'Drum Set Accessories', 'Drumheads', 'Snare Drumheads']",[],0,[]
488,Drumsticks,947,947,436,0,"['Musical Instruments', 'Instrument Accessories', 'Drum & Percussion Accessories', 'Drumsticks, Mallets & Brushes', 'Drumsticks']",[],0,[]
489,Mallets,241,241,436,0,"['Musical Instruments', 'Instrument Accessories', 'Drum & Percussion Accessories', 'Drumsticks, Mallets & Brushes', 'Mallets']",[],0,[]
490,Brushes,58,58,436,0,"['Musical Instruments', 'Instrument Accessories', 'Drum & Percussion Accessories', 'Drumsticks, Mallets & Brushes', 'Brushes']",[],0,[]
491,Drum Accessories,1,159,435,3,"['Musical Instruments', 'Instrument Accessories', 'Drum & Percussion Accessories', 'Concert Percussion Accessories', 'Drum Accessories']","[497, 498, 499]",0,[]
492,Timpani Accessories,2,2,435,0,"['Musical Instruments', 'Instrument Accessories', 'Drum & Percussion Accessories', 'Concert Percussion Accessories', 'Timpani Accessories']",[],0,[]
493,Cymbal & Gong Accessories,4,4,435,0,"['Musical Instruments', 'Instrument Accessories', 'Drum & Percussion Accessories', 'Concert Percussion Accessories', 'Cymbal & Gong Accessories']",[],0,[]
494,Glockenspiel Accessories,3,3,435,0,"['Musical Instruments', 'Instrument Accessories', 'Drum & Percussion Accessories', 'Concert Percussion Accessories', 'Glockenspiel Accessories']",[],0,[]
495,Xylophone Accessories,4,4,435,0,"['Musical Instruments', 'Instrument Accessories', 'Drum & Percussion Accessories', 'Concert Percussion Accessories', 'Xylophone Accessories']",[],0,[]
496,Metallophone Accessories,1,1,435,0,"['Musical Instruments', 'Instrument Accessories', 'Drum & Percussion Accessories', 'Concert Percussion Accessories', 'Metallophone Accessories']",[],0,[]
497,Snare Drum Accessories,0,122,491,2,"['Musical Instruments', 'Instrument Accessories', 'Drum & Percussion Accessories', 'Concert Percussion Accessories', 'Drum Accessories', 'Snare Drum Accessories']","[502, 503]",0,[]
498,Tom-Tom Accessories,7,7,491,0,"['Musical Instruments', 'Instrument Accessories', 'Drum & Percussion Accessories', 'Concert Percussion Accessories', 'Drum Accessories', 'Tom-Tom Accessories']",[],0,[]
499,Bass Drum Accessories,1,29,491,2,"['Musical Instruments', 'Instrument Accessories', 'Drum & Percussion Accessories', 'Concert Percussion Accessories', 'Drum Accessories', 'Bass Drum Accessories']","[500, 501]",0,[]
500,Drumheads,27,27,499,0,"['Musical Instruments', 'Instrument Accessories', 'Drum & Percussion Accessories', 'Concert Percussion Accessories', 'Drum Accessories', 'Bass Drum Accessories', 'Drumheads']",[],0,[]
501,Stands,1,1,499,0,"['Musical Instruments', 'Instrument Accessories', 'Drum & Percussion Accessories', 'Concert Percussion Accessories', 'Drum Accessories', 'Bass Drum Accessories', 'Stands']",[],0,[]
502,Drumheads,116,116,497,0,"['Musical Instruments', 'Instrument Accessories', 'Drum & Percussion Accessories', 'Concert Percussion Accessories', 'Drum Accessories', 'Snare Drum Accessories', 'Drumheads']",[],0,[]
503,Stands,6,6,497,0,"['Musical Instruments', 'Instrument Accessories', 'Drum & Percussion Accessories', 'Concert Percussion Accessories', 'Drum Accessories', 'Snare Drum Accessories', 'Stands']",[],0,[]
504,Mutes,73,255,394,4,"['Musical Instruments', 'Instrument Accessories', 'Brass Accessories', 'Mutes']","[519, 520, 521, 522]",0,[]
505,Stands,48,48,394,0,"['Musical Instruments', 'Instrument Accessories', 'Brass Accessories', 'Stands']",[],0,[]
506,Bags & Cases,8,181,394,4,"['Musical Instruments', 'Instrument Accessories', 'Brass Accessories', 'Bags & Cases']","[515, 516, 517, 518]",0,[]
507,Mouthpieces,3,384,394,6,"['Musical Instruments', 'Instrument Accessories', 'Brass Accessories', 'Mouthpieces']","[509, 510, 511, 512, 513, 514]",0,[]
508,Cleaning & Care,126,126,394,0,"['Musical Instruments', 'Instrument Accessories', 'Brass Accessories', 'Cleaning & Care']",[],0,[]
509,Tuba,38,38,507,0,"['Musical Instruments', 'Instrument Accessories', 'Brass Accessories', 'Mouthpieces', 'Tuba']",[],0,[]
510,Trombone,104,104,507,0,"['Musical Instruments', 'Instrument Accessories', 'Brass Accessories', 'Mouthpieces', 'Trombone']",[],0,[]
511,French Horn,37,37,507,0,"['Musical Instruments', 'Instrument Accessories', 'Brass Accessories', 'Mouthpieces', 'French Horn']",[],0,[]
512,Trumpet,181,181,507,0,"['Musical Instruments', 'Instrument Accessories', 'Brass Accessories', 'Mouthpieces', 'Trumpet']",[],0,[]
513,Cornet,12,12,507,0,"['Musical Instruments', 'Instrument Accessories', 'Brass Accessories', 'Mouthpieces', 'Cornet']",[],0,[]
514,Flugelhorn,9,9,507,0,"['Musical Instruments', 'Instrument Accessories', 'Brass Accessories', 'Mouthpieces', 'Flugelhorn']",[],0,[]
515,Trumpet,103,103,506,0,"['Musical Instruments', 'Instrument Accessories', 'Brass Accessories', 'Bags & Cases', 'Trumpet']",[],0,[]
516,Trombone,39,39,506,0,"['Musical Instruments', 'Instrument Accessories', 'Brass Accessories', 'Bags & Cases', 'Trombone']",[],0,[]
517,French Horn,23,23,506,0,"['Musical Instruments', 'Instrument Accessories', 'Brass Accessories', 'Bags & Cases', 'French Horn']",[],0,[]
518,Tuba,8,8,506,0,"['Musical Instruments', 'Instrument Accessories', 'Brass Accessories', 'Bags & Cases', 'Tuba']",[],0,[]
519,Trombone,58,58,504,0,"['Musical Instruments', 'Instrument Accessories', 'Brass Accessories', 'Mutes', 'Trombone']",[],0,[]
520,Trumpet,101,101,504,0,"['Musical Instruments', 'Instrument Accessories', 'Brass Accessories', 'Mutes', 'Trumpet']",[],0,[]
521,French Horn,14,14,504,0,"['Musical Instruments', 'Instrument Accessories', 'Brass Accessories', 'Mutes', 'French Horn']",[],0,[]
522,Tuba,9,9,504,0,"['Musical Instruments', 'Instrument Accessories', 'Brass Accessories', 'Mutes', 'Tuba']",[],0,[]
523,Power Supplies,128,128,393,0,"['Musical Instruments', 'Instrument Accessories', 'Keyboard Accessories', 'Power Supplies']",[],0,[]
524,"Bags, Cases & Covers",219,219,393,0,"['Musical Instruments', 'Instrument Accessories', 'Keyboard Accessories', 'Bags, Cases & Covers']",[],0,[]
525,Pedals & Footswitches,78,78,393,0,"['Musical Instruments', 'Instrument Accessories', 'Keyboard Accessories', 'Pedals & Footswitches']",[],0,[]
526,Stands,172,172,393,0,"['Musical Instruments', 'Instrument Accessories', 'Keyboard Accessories', 'Stands']",[],0,[]
527,Benches,112,112,393,0,"['Musical Instruments', 'Instrument Accessories', 'Keyboard Accessories', 'Benches']",[],0,[]
528,Keyboard Amplifiers,17,17,393,0,"['Musical Instruments', 'Instrument Accessories', 'Keyboard Accessories', 'Keyboard Amplifiers']",[],0,[]
529,Accordion Accessories,41,41,393,0,"['Musical Instruments', 'Instrument Accessories', 'Keyboard Accessories', 'Accordion Accessories']",[],0,[]
530,Expansion Boards & Sound Libraries,7,7,393,0,"['Musical Instruments', 'Instrument Accessories', 'Keyboard Accessories', 'Expansion Boards & Sound Libraries']",[],0,[]
531,Music Wire,45,45,393,0,"['Musical Instruments', 'Instrument Accessories', 'Keyboard Accessories', 'Music Wire']",[],0,[]
532,Organ Accessories,7,7,393,0,"['Musical Instruments', 'Instrument Accessories', 'Keyboard Accessories', 'Organ Accessories']",[],0,[]
533,Cleaning & Care,14,14,393,0,"['Musical Instruments', 'Instrument Accessories', 'Keyboard Accessories', 'Cleaning & Care']",[],0,[]
534,Slides,110,110,392,0,"['Musical Instruments', 'Instrument Accessories', 'Guitar & Bass Accessories', 'Slides']",[],0,[]
535,Electric Guitar Parts,136,2510,392,15,"['Musical Instruments', 'Instrument Accessories', 'Guitar & Bass Accessories', 'Electric Guitar Parts']","[592, 593, 594, 595, 596, 597, 598, 599, 600, 601, 602, 603, 604, 605, 606]",0,[]
536,Strings,15,1721,392,4,"['Musical Instruments', 'Instrument Accessories', 'Guitar & Bass Accessories', 'Strings']","[588, 589, 590, 591]",0,[]
537,Bags & Cases,23,1215,392,3,"['Musical Instruments', 'Instrument Accessories', 'Guitar & Bass Accessories', 'Bags & Cases']","[585, 586, 587]",0,[]
538,Stands,137,412,392,3,"['Musical Instruments', 'Instrument Accessories', 'Guitar & Bass Accessories', 'Stands']","[582, 583, 584]",0,[]
539,Picks & Pick Holders,0,1492,392,2,"['Musical Instruments', 'Instrument Accessories', 'Guitar & Bass Accessories', 'Picks & Pick Holders']","[580, 581]",0,[]
540,Cleaning & Care,186,186,392,0,"['Musical Instruments', 'Instrument Accessories', 'Guitar & Bass Accessories', 'Cleaning & Care']",[],0,[]
541,Tuners,420,420,392,0,"['Musical Instruments', 'Instrument Accessories', 'Guitar & Bass Accessories', 'Tuners']",[],0,[]
542,Straps & Strap Locks,0,1821,392,2,"['Musical Instruments', 'Instrument Accessories', 'Guitar & Bass Accessories', 'Straps & Strap Locks']","[578, 579]",0,[]
543,Acoustic & Classical Guitar Parts,48,779,392,11,"['Musical Instruments', 'Instrument Accessories', 'Guitar & Bass Accessories', 'Acoustic & Classical Guitar Parts']","[567, 568, 569, 570, 571, 572, 573, 574, 575, 576, 577]",0,[]
544,Amplifier Accessories,48,891,392,4,"['Musical Instruments', 'Instrument Accessories', 'Guitar & Bass Accessories', 'Amplifier Accessories']","[561, 562, 563, 564]",1,"[(2, 1)]"
545,Capos,282,282,392,0,"['Musical Instruments', 'Instrument Accessories', 'Guitar & Bass Accessories', 'Capos']",[],0,[]
546,Tools,139,139,392,0,"['Musical Instruments', 'Instrument Accessories', 'Guitar & Bass Accessories', 'Tools']",[],0,[]
547,Bass Guitar Parts,16,359,392,11,"['Musical Instruments', 'Instrument Accessories', 'Guitar & Bass Accessories', 'Bass Guitar Parts']","[550, 551, 552, 553, 554, 555, 556, 557, 558, 559, 560]",0,[]
548,String Winders,33,33,392,0,"['Musical Instruments', 'Instrument Accessories', 'Guitar & Bass Accessories', 'String Winders']",[],0,[]
549,Footstools,23,23,392,0,"['Musical Instruments', 'Instrument Accessories', 'Guitar & Bass Accessories', 'Footstools']",[],0,[]
550,Pickups & Pickup Covers,98,98,547,0,"['Musical Instruments', 'Instrument Accessories', 'Guitar & Bass Accessories', 'Bass Guitar Parts', 'Pickups & Pickup Covers']",[],0,[]
551,Hardware,75,75,547,0,"['Musical Instruments', 'Instrument Accessories', 'Guitar & Bass Accessories', 'Bass Guitar Parts', 'Hardware']",[],0,[]
552,Pick Guards,64,64,547,0,"['Musical Instruments', 'Instrument Accessories', 'Guitar & Bass Accessories', 'Bass Guitar Parts', 'Pick Guards']",[],0,[]
553,Electronics,17,17,547,0,"['Musical Instruments', 'Instrument Accessories', 'Guitar & Bass Accessories', 'Bass Guitar Parts', 'Electronics']",[],0,[]
554,Bridges & Bridge Parts,34,34,547,0,"['Musical Instruments', 'Instrument Accessories', 'Guitar & Bass Accessories', 'Bass Guitar Parts', 'Bridges & Bridge Parts']",[],0,[]
555,Tuning Machines,30,30,547,0,"['Musical Instruments', 'Instrument Accessories', 'Guitar & Bass Accessories', 'Bass Guitar Parts', 'Tuning Machines']",[],0,[]
556,Necks,6,6,547,0,"['Musical Instruments', 'Instrument Accessories', 'Guitar & Bass Accessories', 'Bass Guitar Parts', 'Necks']",[],0,[]
557,Frets,5,5,547,0,"['Musical Instruments', 'Instrument Accessories', 'Guitar & Bass Accessories', 'Bass Guitar Parts', 'Frets']",[],0,[]
558,Tailpieces,7,7,547,0,"['Musical Instruments', 'Instrument Accessories', 'Guitar & Bass Accessories', 'Bass Guitar Parts', 'Tailpieces']",[],0,[]
559,Bodies,1,1,547,0,"['Musical Instruments', 'Instrument Accessories', 'Guitar & Bass Accessories', 'Bass Guitar Parts', 'Bodies']",[],0,[]
560,Knobs,6,6,547,0,"['Musical Instruments', 'Instrument Accessories', 'Guitar & Bass Accessories', 'Bass Guitar Parts', 'Knobs']",[],0,[]
561,"Bags, Cases & Covers",196,196,544,0,"['Musical Instruments', 'Instrument Accessories', 'Guitar & Bass Accessories', 'Amplifier Accessories', 'Bags, Cases & Covers']",[],0,[]
562,Parts,75,547,544,2,"['Musical Instruments', 'Instrument Accessories', 'Guitar & Bass Accessories', 'Amplifier Accessories', 'Parts']","[565, 566]",0,[]
563,Footswitches & Controllers,68,68,544,0,"['Musical Instruments', 'Instrument Accessories', 'Guitar & Bass Accessories', 'Amplifier Accessories', 'Footswitches & Controllers']",[],0,[]
564,Stands,32,32,544,0,"['Musical Instruments', 'Instrument Accessories', 'Guitar & Bass Accessories', 'Amplifier Accessories', 'Stands']",[],0,[]
565,Speakers,176,176,562,0,"['Musical Instruments', 'Instrument Accessories', 'Guitar & Bass Accessories', 'Amplifier Accessories', 'Parts', 'Speakers']",[],0,[]
566,Tubes,296,296,562,0,"['Musical Instruments', 'Instrument Accessories', 'Guitar & Bass Accessories', 'Amplifier Accessories', 'Parts', 'Tubes']",[],1,"[(2, 1)]"
567,Pickups & Pickup Covers,246,246,543,0,"['Musical Instruments', 'Instrument Accessories', 'Guitar & Bass Accessories', 'Acoustic & Classical Guitar Parts', 'Pickups & Pickup Covers']",[],0,[]
568,Bridge & Bridge Parts,182,182,543,0,"['Musical Instruments', 'Instrument Accessories', 'Guitar & Bass Accessories', 'Acoustic & Classical Guitar Parts', 'Bridge & Bridge Parts']",[],0,[]
569,Tuning Pegs,123,123,543,0,"['Musical Instruments', 'Instrument Accessories', 'Guitar & Bass Accessories', 'Acoustic & Classical Guitar Parts', 'Tuning Pegs']",[],0,[]
570,Nuts,42,42,543,0,"['Musical Instruments', 'Instrument Accessories', 'Guitar & Bass Accessories', 'Acoustic & Classical Guitar Parts', 'Nuts']",[],0,[]
571,Pick Guards,59,59,543,0,"['Musical Instruments', 'Instrument Accessories', 'Guitar & Bass Accessories', 'Acoustic & Classical Guitar Parts', 'Pick Guards']",[],0,[]
572,Saddles,32,32,543,0,"['Musical Instruments', 'Instrument Accessories', 'Guitar & Bass Accessories', 'Acoustic & Classical Guitar Parts', 'Saddles']",[],0,[]
573,Frets,7,7,543,0,"['Musical Instruments', 'Instrument Accessories', 'Guitar & Bass Accessories', 'Acoustic & Classical Guitar Parts', 'Frets']",[],0,[]
574,Necks,12,12,543,0,"['Musical Instruments', 'Instrument Accessories', 'Guitar & Bass Accessories', 'Acoustic & Classical Guitar Parts', 'Necks']",[],0,[]
575,Tailpieces,1,1,543,0,"['Musical Instruments', 'Instrument Accessories', 'Guitar & Bass Accessories', 'Acoustic & Classical Guitar Parts', 'Tailpieces']",[],0,[]
576,Wood & Inlay Material,23,23,543,0,"['Musical Instruments', 'Instrument Accessories', 'Guitar & Bass Accessories', 'Acoustic & Classical Guitar Parts', 'Wood & Inlay Material']",[],0,[]
577,Bindings & Trim,4,4,543,0,"['Musical Instruments', 'Instrument Accessories', 'Guitar & Bass Accessories', 'Acoustic & Classical Guitar Parts', 'Bindings & Trim']",[],0,[]
578,Straps,1713,1713,542,0,"['Musical Instruments', 'Instrument Accessories', 'Guitar & Bass Accessories', 'Straps & Strap Locks', 'Straps']",[],0,[]
579,Strap Locks,108,108,542,0,"['Musical Instruments', 'Instrument Accessories', 'Guitar & Bass Accessories', 'Straps & Strap Locks', 'Strap Locks']",[],0,[]
580,Picks,1446,1446,539,0,"['Musical Instruments', 'Instrument Accessories', 'Guitar & Bass Accessories', 'Picks & Pick Holders', 'Picks']",[],0,[]
581,Pick Holders,46,46,539,0,"['Musical Instruments', 'Instrument Accessories', 'Guitar & Bass Accessories', 'Picks & Pick Holders', 'Pick Holders']",[],0,[]
582,Multiple-Guitar Stands,153,153,538,0,"['Musical Instruments', 'Instrument Accessories', 'Guitar & Bass Accessories', 'Stands', 'Multiple-Guitar Stands']",[],0,[]
583,Electric Guitar Stands,89,89,538,0,"['Musical Instruments', 'Instrument Accessories', 'Guitar & Bass Accessories', 'Stands', 'Electric Guitar Stands']",[],0,[]
584,Acoustic Guitar Stands,33,33,538,0,"['Musical Instruments', 'Instrument Accessories', 'Guitar & Bass Accessories', 'Stands', 'Acoustic Guitar Stands']",[],0,[]
585,Acoustic & Classical Guitar Bags & Cases,578,578,537,0,"['Musical Instruments', 'Instrument Accessories', 'Guitar & Bass Accessories', 'Bags & Cases', 'Acoustic & Classical Guitar Bags & Cases']",[],0,[]
586,Electric Guitar Bags & Cases,456,456,537,0,"['Musical Instruments', 'Instrument Accessories', 'Guitar & Bass Accessories', 'Bags & Cases', 'Electric Guitar Bags & Cases']",[],0,[]
587,Bass Guitar Bags & Cases,158,158,537,0,"['Musical Instruments', 'Instrument Accessories', 'Guitar & Bass Accessories', 'Bags & Cases', 'Bass Guitar Bags & Cases']",[],0,[]
588,Acoustic Guitar Strings,570,570,536,0,"['Musical Instruments', 'Instrument Accessories', 'Guitar & Bass Accessories', 'Strings', 'Acoustic Guitar Strings']",[],0,[]
589,Classical Guitar Strings,96,96,536,0,"['Musical Instruments', 'Instrument Accessories', 'Guitar & Bass Accessories', 'Strings', 'Classical Guitar Strings']",[],0,[]
590,Electric Guitar Strings,649,649,536,0,"['Musical Instruments', 'Instrument Accessories', 'Guitar & Bass Accessories', 'Strings', 'Electric Guitar Strings']",[],0,[]
591,Bass Guitar Strings,391,391,536,0,"['Musical Instruments', 'Instrument Accessories', 'Guitar & Bass Accessories', 'Strings', 'Bass Guitar Strings']",[],0,[]
592,Nuts,109,109,535,0,"['Musical Instruments', 'Instrument Accessories', 'Guitar & Bass Accessories', 'Electric Guitar Parts', 'Nuts']",[],0,[]
593,Tuning Pegs,215,215,535,0,"['Musical Instruments', 'Instrument Accessories', 'Guitar & Bass Accessories', 'Electric Guitar Parts', 'Tuning Pegs']",[],0,[]
594,Pickups & Pickup Covers,726,726,535,0,"['Musical Instruments', 'Instrument Accessories', 'Guitar & Bass Accessories', 'Electric Guitar Parts', 'Pickups & Pickup Covers']",[],0,[]
595,Electronics,228,228,535,0,"['Musical Instruments', 'Instrument Accessories', 'Guitar & Bass Accessories', 'Electric Guitar Parts', 'Electronics']",[],0,[]
596,Hardware,60,60,535,0,"['Musical Instruments', 'Instrument Accessories', 'Guitar & Bass Accessories', 'Electric Guitar Parts', 'Hardware']",[],0,[]
597,Knobs,280,280,535,0,"['Musical Instruments', 'Instrument Accessories', 'Guitar & Bass Accessories', 'Electric Guitar Parts', 'Knobs']",[],0,[]
598,Bridges & Bridge Parts,331,331,535,0,"['Musical Instruments', 'Instrument Accessories', 'Guitar & Bass Accessories', 'Electric Guitar Parts', 'Bridges & Bridge Parts']",[],0,[]
599,Pick Guards,284,284,535,0,"['Musical Instruments', 'Instrument Accessories', 'Guitar & Bass Accessories', 'Electric Guitar Parts', 'Pick Guards']",[],0,[]
600,Saddles,19,19,535,0,"['Musical Instruments', 'Instrument Accessories', 'Guitar & Bass Accessories', 'Electric Guitar Parts', 'Saddles']",[],0,[]
601,Frets,7,7,535,0,"['Musical Instruments', 'Instrument Accessories', 'Guitar & Bass Accessories', 'Electric Guitar Parts', 'Frets']",[],0,[]
602,Wood & Inlay Material,6,6,535,0,"['Musical Instruments', 'Instrument Accessories', 'Guitar & Bass Accessories', 'Electric Guitar Parts', 'Wood & Inlay Material']",[],0,[]
603,Necks,80,80,535,0,"['Musical Instruments', 'Instrument Accessories', 'Guitar & Bass Accessories', 'Electric Guitar Parts', 'Necks']",[],0,[]
604,Bodies,11,11,535,0,"['Musical Instruments', 'Instrument Accessories', 'Guitar & Bass Accessories', 'Electric Guitar Parts', 'Bodies']",[],0,[]
605,Bindings & Trim,8,8,535,0,"['Musical Instruments', 'Instrument Accessories', 'Guitar & Bass Accessories', 'Electric Guitar Parts', 'Bindings & Trim']",[],0,[]
606,Tailpieces,10,10,535,0,"['Musical Instruments', 'Instrument Accessories', 'Guitar & Bass Accessories', 'Electric Guitar Parts', 'Tailpieces']",[],0,[]
607,Reeds,0,617,391,4,"['Musical Instruments', 'Instrument Accessories', 'Wind & Woodwind Accessories', 'Reeds']","[650, 651, 652, 653]",0,[]
608,Parts,0,194,391,5,"['Musical Instruments', 'Instrument Accessories', 'Wind & Woodwind Accessories', 'Parts']","[645, 646, 647, 648, 649]",0,[]
609,Stands,9,97,391,3,"['Musical Instruments', 'Instrument Accessories', 'Wind & Woodwind Accessories', 'Stands']","[638, 639, 640]",0,[]
610,Mouthpieces,0,277,391,2,"['Musical Instruments', 'Instrument Accessories', 'Wind & Woodwind Accessories', 'Mouthpieces']","[632, 633]",0,[]
611,Bags & Cases,6,267,391,4,"['Musical Instruments', 'Instrument Accessories', 'Wind & Woodwind Accessories', 'Bags & Cases']","[624, 625, 626, 627]",0,[]
612,Cleaning & Care,22,183,391,3,"['Musical Instruments', 'Instrument Accessories', 'Wind & Woodwind Accessories', 'Cleaning & Care']","[621, 622, 623]",0,[]
613,Ligatures,0,142,391,2,"['Musical Instruments', 'Instrument Accessories', 'Wind & Woodwind Accessories', 'Ligatures']","[615, 616]",0,[]
614,Straps,34,34,391,0,"['Musical Instruments', 'Instrument Accessories', 'Wind & Woodwind Accessories', 'Straps']",[],0,[]
615,Clarinet,62,62,613,0,"['Musical Instruments', 'Instrument Accessories', 'Wind & Woodwind Accessories', 'Ligatures', 'Clarinet']",[],0,[]
616,Saxophone,5,80,613,4,"['Musical Instruments', 'Instrument Accessories', 'Wind & Woodwind Accessories', 'Ligatures', 'Saxophone']","[617, 618, 619, 620]",0,[]
617,Alto Sax,35,35,616,0,"['Musical Instruments', 'Instrument Accessories', 'Wind & Woodwind Accessories', 'Ligatures', 'Saxophone', 'Alto Sax']",[],0,[]
618,Tenor Sax,26,26,616,0,"['Musical Instruments', 'Instrument Accessories', 'Wind & Woodwind Accessories', 'Ligatures', 'Saxophone', 'Tenor Sax']",[],0,[]
619,Baritone Sax,5,5,616,0,"['Musical Instruments', 'Instrument Accessories', 'Wind & Woodwind Accessories', 'Ligatures', 'Saxophone', 'Baritone Sax']",[],0,[]
620,Soprano Sax,9,9,616,0,"['Musical Instruments', 'Instrument Accessories', 'Wind & Woodwind Accessories', 'Ligatures', 'Saxophone', 'Soprano Sax']",[],0,[]
621,Clarinets,71,71,612,0,"['Musical Instruments', 'Instrument Accessories', 'Wind & Woodwind Accessories', 'Cleaning & Care', 'Clarinets']",[],0,[]
622,Flutes & Piccolos,38,38,612,0,"['Musical Instruments', 'Instrument Accessories', 'Wind & Woodwind Accessories', 'Cleaning & Care', 'Flutes & Piccolos']",[],0,[]
623,Saxophones,52,52,612,0,"['Musical Instruments', 'Instrument Accessories', 'Wind & Woodwind Accessories', 'Cleaning & Care', 'Saxophones']",[],0,[]
624,Saxophone,6,96,611,4,"['Musical Instruments', 'Instrument Accessories', 'Wind & Woodwind Accessories', 'Bags & Cases', 'Saxophone']","[628, 629, 630, 631]",0,[]
625,Flute & Piccolo,85,85,611,0,"['Musical Instruments', 'Instrument Accessories', 'Wind & Woodwind Accessories', 'Bags & Cases', 'Flute & Piccolo']",[],0,[]
626,Clarinet,68,68,611,0,"['Musical Instruments', 'Instrument Accessories', 'Wind & Woodwind Accessories', 'Bags & Cases', 'Clarinet']",[],0,[]
627,Oboe & English Horn,12,12,611,0,"['Musical Instruments', 'Instrument Accessories', 'Wind & Woodwind Accessories', 'Bags & Cases', 'Oboe & English Horn']",[],0,[]
628,Alto Sax,52,52,624,0,"['Musical Instruments', 'Instrument Accessories', 'Wind & Woodwind Accessories', 'Bags & Cases', 'Saxophone', 'Alto Sax']",[],0,[]
629,Tenor Sax,30,30,624,0,"['Musical Instruments', 'Instrument Accessories', 'Wind & Woodwind Accessories', 'Bags & Cases', 'Saxophone', 'Tenor Sax']",[],0,[]
630,Baritone Sax,4,4,624,0,"['Musical Instruments', 'Instrument Accessories', 'Wind & Woodwind Accessories', 'Bags & Cases', 'Saxophone', 'Baritone Sax']",[],0,[]
631,Soprano Sax,4,4,624,0,"['Musical Instruments', 'Instrument Accessories', 'Wind & Woodwind Accessories', 'Bags & Cases', 'Saxophone', 'Soprano Sax']",[],0,[]
632,Saxophone,5,191,610,4,"['Musical Instruments', 'Instrument Accessories', 'Wind & Woodwind Accessories', 'Mouthpieces', 'Saxophone']","[634, 635, 636, 637]",0,[]
633,Clarinet,86,86,610,0,"['Musical Instruments', 'Instrument Accessories', 'Wind & Woodwind Accessories', 'Mouthpieces', 'Clarinet']",[],0,[]
634,Tenor Sax,65,65,632,0,"['Musical Instruments', 'Instrument Accessories', 'Wind & Woodwind Accessories', 'Mouthpieces', 'Saxophone', 'Tenor Sax']",[],0,[]
635,Alto Sax,93,93,632,0,"['Musical Instruments', 'Instrument Accessories', 'Wind & Woodwind Accessories', 'Mouthpieces', 'Saxophone', 'Alto Sax']",[],0,[]
636,Soprano Sax,17,17,632,0,"['Musical Instruments', 'Instrument Accessories', 'Wind & Woodwind Accessories', 'Mouthpieces', 'Saxophone', 'Soprano Sax']",[],0,[]
637,Baritone Sax,11,11,632,0,"['Musical Instruments', 'Instrument Accessories', 'Wind & Woodwind Accessories', 'Mouthpieces', 'Saxophone', 'Baritone Sax']",[],0,[]
638,Saxophone,13,40,609,4,"['Musical Instruments', 'Instrument Accessories', 'Wind & Woodwind Accessories', 'Stands', 'Saxophone']","[641, 642, 643, 644]",0,[]
639,Clarinet,28,28,609,0,"['Musical Instruments', 'Instrument Accessories', 'Wind & Woodwind Accessories', 'Stands', 'Clarinet']",[],0,[]
640,Flute,20,20,609,0,"['Musical Instruments', 'Instrument Accessories', 'Wind & Woodwind Accessories', 'Stands', 'Flute']",[],0,[]
641,Baritone Sax,6,6,638,0,"['Musical Instruments', 'Instrument Accessories', 'Wind & Woodwind Accessories', 'Stands', 'Saxophone', 'Baritone Sax']",[],0,[]
642,Alto Sax,8,8,638,0,"['Musical Instruments', 'Instrument Accessories', 'Wind & Woodwind Accessories', 'Stands', 'Saxophone', 'Alto Sax']",[],0,[]
643,Tenor Sax,7,7,638,0,"['Musical Instruments', 'Instrument Accessories', 'Wind & Woodwind Accessories', 'Stands', 'Saxophone', 'Tenor Sax']",[],0,[]
644,Soprano Sax,6,6,638,0,"['Musical Instruments', 'Instrument Accessories', 'Wind & Woodwind Accessories', 'Stands', 'Saxophone', 'Soprano Sax']",[],0,[]
645,Flute,12,12,608,0,"['Musical Instruments', 'Instrument Accessories', 'Wind & Woodwind Accessories', 'Parts', 'Flute']",[],0,[]
646,Clarinet,50,50,608,0,"['Musical Instruments', 'Instrument Accessories', 'Wind & Woodwind Accessories', 'Parts', 'Clarinet']",[],0,[]
647,Saxophone,127,127,608,0,"['Musical Instruments', 'Instrument Accessories', 'Wind & Woodwind Accessories', 'Parts', 'Saxophone']",[],0,[]
648,Bassoon,3,3,608,0,"['Musical Instruments', 'Instrument Accessories', 'Wind & Woodwind Accessories', 'Parts', 'Bassoon']",[],0,[]
649,Oboe,2,2,608,0,"['Musical Instruments', 'Instrument Accessories', 'Wind & Woodwind Accessories', 'Parts', 'Oboe']",[],0,[]
650,Saxophone,14,300,607,4,"['Musical Instruments', 'Instrument Accessories', 'Wind & Woodwind Accessories', 'Reeds', 'Saxophone']","[654, 655, 656, 657]",0,[]
651,Clarinet,210,210,607,0,"['Musical Instruments', 'Instrument Accessories', 'Wind & Woodwind Accessories', 'Reeds', 'Clarinet']",[],0,[]
652,Bassoon,43,43,607,0,"['Musical Instruments', 'Instrument Accessories', 'Wind & Woodwind Accessories', 'Reeds', 'Bassoon']",[],0,[]
653,Oboe,64,64,607,0,"['Musical Instruments', 'Instrument Accessories', 'Wind & Woodwind Accessories', 'Reeds', 'Oboe']",[],0,[]
654,Alto Sax,110,110,650,0,"['Musical Instruments', 'Instrument Accessories', 'Wind & Woodwind Accessories', 'Reeds', 'Saxophone', 'Alto Sax']",[],0,[]
655,Soprano Sax,43,43,650,0,"['Musical Instruments', 'Instrument Accessories', 'Wind & Woodwind Accessories', 'Reeds', 'Saxophone', 'Soprano Sax']",[],0,[]
656,Tenor Sax,100,100,650,0,"['Musical Instruments', 'Instrument Accessories', 'Wind & Woodwind Accessories', 'Reeds', 'Saxophone', 'Tenor Sax']",[],0,[]
657,Baritone Sax,33,33,650,0,"['Musical Instruments', 'Instrument Accessories', 'Wind & Woodwind Accessories', 'Reeds', 'Saxophone', 'Baritone Sax']",[],0,[]
658,Sheet Music Folders,4906,4906,390,0,"['Musical Instruments', 'Instrument Accessories', 'General Accessories', 'Sheet Music Folders']",[],0,[]
659,Stand Lights,66,66,390,0,"['Musical Instruments', 'Instrument Accessories', 'General Accessories', 'Stand Lights']",[],0,[]
660,Music Lyres,42,42,390,0,"['Musical Instruments', 'Instrument Accessories', 'General Accessories', 'Music Lyres']",[],0,[]
661,Sheet Music Stands,586,586,390,0,"['Musical Instruments', 'Instrument Accessories', 'General Accessories', 'Sheet Music Stands']",[],0,[]
662,Metronomes,167,167,390,0,"['Musical Instruments', 'Instrument Accessories', 'General Accessories', 'Metronomes']",[],0,[]
663,Staff Paper,21,21,390,0,"['Musical Instruments', 'Instrument Accessories', 'General Accessories', 'Staff Paper']",[],0,[]
664,Conducting,91,91,390,0,"['Musical Instruments', 'Instrument Accessories', 'General Accessories', 'Conducting']",[],0,[]
665,Tuning,249,249,390,0,"['Musical Instruments', 'Instrument Accessories', 'General Accessories', 'Tuning']",[],0,[]
666,Staff Boards,2,2,390,0,"['Musical Instruments', 'Instrument Accessories', 'General Accessories', 'Staff Boards']",[],0,[]
