id,name,productCount,subtreeProductCount,parent,numChildren,pathName,children,alsoCount,also
0,Pet Supplies,4113,0,0,34,['Pet Supplies'],"[1, 2, 3, 4, 5, 6, 7, 8, 9, 10, 11, 12, 13, 14, 15, 16, 17, 18, 19, 20, 21, 22, 23, 24, 25, 26, 27, 28, 29, 30, 31, 32, 33, 34]",0,[]
1,Dogs,25,72403,0,16,"['Pet Supplies', 'Dogs']","[359, 360, 361, 362, 363, 364, 365, 366, 367, 368, 369, 370, 371, 372, 373, 374]",0,[]
2,Pet Supplies: International Shipping Available,957,957,0,0,"['Pet Supplies', 'Pet Supplies: International Shipping Available']",[],11,"[(391, 6), (448, 3), (252, 2), (343, 2), (407, 2), (406, 2), (457, 1), (31, 1), (400, 1), (371, 1), (520, 1)]"
3,Small Animals,4,3090,0,11,"['Pet Supplies', 'Small Animals']","[335, 336, 337, 338, 339, 340, 341, 342, 343, 344, 345]",0,[]
4,Cats,17,12983,0,16,"['Pet Supplies', 'Cats']","[231, 232, 233, 234, 235, 236, 237, 238, 239, 240, 241, 242, 243, 244, 245, 246]",0,[]
5,Fish & Aquatic Pets,6,8155,0,16,"['Pet Supplies', 'Fish & Aquatic Pets']","[201, 202, 203, 204, 205, 206, 207, 208, 209, 210, 211, 212, 213, 214, 215, 216]",0,[]
6,Birds,0,3867,0,7,"['Pet Supplies', 'Birds']","[182, 183, 184, 185, 186, 187, 188]",0,[]
7,Horses,15,2424,0,9,"['Pet Supplies', 'Horses']","[148, 149, 150, 151, 152, 153, 154, 155, 156]",0,[]
8,Buy $25 Save $5 on Nylabone,0,114,0,2,"['Pet Supplies', 'Buy $25 Save $5 on Nylabone']","[142, 143]",0,[]
9,Pet Behavior Center,0,573,0,5,"['Pet Supplies', 'Pet Behavior Center']","[121, 122, 123, 124, 125]",0,[]
10,Tetra Pond,0,22,0,4,"['Pet Supplies', 'Tetra Pond']","[117, 118, 119, 120]",0,[]
11,Bunny Rabbit Central,0,311,0,8,"['Pet Supplies', 'Bunny Rabbit Central']","[109, 110, 111, 112, 113, 114, 115, 116]",0,[]
12,Reptiles & Amphibians,0,1096,0,11,"['Pet Supplies', 'Reptiles & Amphibians']","[93, 94, 95, 96, 97, 98, 99, 100, 101, 102, 103]",0,[]
13,"Spend $25, Save $5 on Select Aquarium Products",2,2,0,0,"['Pet Supplies', 'Spend $25, Save $5 on Select Aquarium Products']",[],0,[]
14,Hagen,0,475,0,37,"['Pet Supplies', 'Hagen']","[56, 57, 58, 59, 60, 61, 62, 63, 64, 65, 66, 67, 68, 69, 70, 71, 72, 73, 74, 75, 76, 77, 78, 79, 80, 81, 82, 83, 84, 85, 86, 87, 88, 89, 90, 91, 92]",0,[]
15,Fish for Savings; Up to 70% Off Select Tetra Products,1,1,0,0,"['Pet Supplies', 'Fish for Savings; Up to 70% Off Select Tetra Products']",[],0,[]
16,Buy $25 Save $5 on Kaytee,0,71,0,1,"['Pet Supplies', 'Buy $25 Save $5 on Kaytee']",[48],0,[]
17,Buy $50 Save $10 on Wee-Wee Products,0,2,0,1,"['Pet Supplies', 'Buy $50 Save $10 on Wee-Wee Products']",[47],0,[]
18,"Buy 1 Dog Puzzle, Save 20% on Kyjen Dog Toy",2,2,0,0,"['Pet Supplies', 'Buy 1 Dog Puzzle, Save 20% on Kyjen Dog Toy']",[],0,[]
19,$5 Off $25 Plush Puppies Holiday Toys,2,2,0,0,"['Pet Supplies', '$5 Off $25 Plush Puppies Holiday Toys']",[],0,[]
20,May The Fourth Be With Your Pets,1,1,0,0,"['Pet Supplies', 'May The Fourth Be With Your Pets']",[],1,"[(391, 1)]"
21,Green,9,9,0,0,"['Pet Supplies', 'Green']",[],0,[]
22,Pet Supplies Markdowns,7,7,0,0,"['Pet Supplies', 'Pet Supplies Markdowns']",[],0,[]
23,Havahart Wireless,0,3,0,1,"['Pet Supplies', 'Havahart Wireless']",[44],0,[]
24,Insects,18,18,0,0,"['Pet Supplies', 'Insects']",[],0,[]
25,SportDog,0,7,0,4,"['Pet Supplies', 'SportDog']","[40, 41, 42, 43]",0,[]
26,PetSafe,0,1,0,1,"['Pet Supplies', 'PetSafe']",[39],0,[]
27,Up to 50% Off Pet Toys & Outdoor Products,12,12,0,0,"['Pet Supplies', 'Up to 50% Off Pet Toys & Outdoor Products']",[],0,[]
28,$15 Off $75 on Midwest Beds,1,1,0,0,"['Pet Supplies', '$15 Off $75 on Midwest Beds']",[],0,[]
29,Flea & Tick Center,0,2,0,1,"['Pet Supplies', 'Flea & Tick Center']",[36],0,[]
30,Classic Accessories Pets,0,2,0,1,"['Pet Supplies', 'Classic Accessories Pets']",[35],0,[]
31,Pets Best-Selling Halloween Costumes,4,4,0,0,"['Pet Supplies', 'Pets Best-Selling Halloween Costumes']",[],2,"[(391, 1), (2, 1)]"
32,Last Minute Holiday Pet Deals: Save up to 50%,3,3,0,0,"['Pet Supplies', 'Last Minute Holiday Pet Deals: Save up to 50%']",[],0,[]
33,Pet Decor,1,1,0,0,"['Pet Supplies', 'Pet Decor']",[],0,[]
34,Save 20% or More on Select Pet Naturals of Vermont,1,1,0,0,"['Pet Supplies', 'Save 20% or More on Select Pet Naturals of Vermont']",[],0,[]
35,Food & Hydration Packs,2,2,30,0,"['Pet Supplies', 'Classic Accessories Pets', 'Food & Hydration Packs']",[],0,[]
36,"Adams, Bio Spot & Zodiac",0,2,29,2,"['Pet Supplies', 'Flea & Tick Center', 'Adams, Bio Spot & Zodiac']","[37, 38]",0,[]
37,Bio Spot Home,1,1,36,0,"['Pet Supplies', 'Flea & Tick Center', 'Adams, Bio Spot & Zodiac', 'Bio Spot Home']",[],0,[]
38,Bio Spot Cat,1,1,36,0,"['Pet Supplies', 'Flea & Tick Center', 'Adams, Bio Spot & Zodiac', 'Bio Spot Cat']",[],0,[]
39,Doors & Accessories,1,1,26,0,"['Pet Supplies', 'PetSafe', 'Doors & Accessories']",[],0,[]
40,E-Collar Accessories,1,1,25,0,"['Pet Supplies', 'SportDog', 'E-Collar Accessories']",[],0,[]
41,"Whistles, Bells & Lanyards",3,3,25,0,"['Pet Supplies', 'SportDog', 'Whistles, Bells & Lanyards']",[],0,[]
42,Collars & Leads,1,1,25,0,"['Pet Supplies', 'SportDog', 'Collars & Leads']",[],0,[]
43,Dummies,2,2,25,0,"['Pet Supplies', 'SportDog', 'Dummies']",[],0,[]
44,Dog Doors,0,3,23,2,"['Pet Supplies', 'Havahart Wireless', 'Dog Doors']","[45, 46]",0,[]
45,Aluminum,2,2,44,0,"['Pet Supplies', 'Havahart Wireless', 'Dog Doors', 'Aluminum']",[],0,[]
46,Plastic,1,1,44,0,"['Pet Supplies', 'Havahart Wireless', 'Dog Doors', 'Plastic']",[],0,[]
47,Training Solutions,2,2,17,0,"['Pet Supplies', 'Buy $50 Save $10 on Wee-Wee Products', 'Training Solutions']",[],0,[]
48,Food,0,71,16,7,"['Pet Supplies', 'Buy $25 Save $5 on Kaytee', 'Food']","[49, 50, 51, 52, 53, 54, 55]",0,[]
49,Large Birds,17,17,48,0,"['Pet Supplies', 'Buy $25 Save $5 on Kaytee', 'Food', 'Large Birds']",[],0,[]
50,Small Birds,29,29,48,0,"['Pet Supplies', 'Buy $25 Save $5 on Kaytee', 'Food', 'Small Birds']",[],0,[]
51,Guinea Pigs,6,6,48,0,"['Pet Supplies', 'Buy $25 Save $5 on Kaytee', 'Food', 'Guinea Pigs']",[],0,[]
52,Rabbits,8,8,48,0,"['Pet Supplies', 'Buy $25 Save $5 on Kaytee', 'Food', 'Rabbits']",[],0,[]
53,Mice & Rats,3,3,48,0,"['Pet Supplies', 'Buy $25 Save $5 on Kaytee', 'Food', 'Mice & Rats']",[],0,[]
54,Fish & Exotics,6,6,48,0,"['Pet Supplies', 'Buy $25 Save $5 on Kaytee', 'Food', 'Fish & Exotics']",[],0,[]
55,Hamsters & Gerbils,2,2,48,0,"['Pet Supplies', 'Buy $25 Save $5 on Kaytee', 'Food', 'Hamsters & Gerbils']",[],0,[]
56,Marina,9,9,14,0,"['Pet Supplies', 'Hagen', 'Marina']",[],0,[]
57,All Aquatic & Pond,116,116,14,0,"['Pet Supplies', 'Hagen', 'All Aquatic & Pond']",[],0,[]
58,Fish Food,40,40,14,0,"['Pet Supplies', 'Hagen', 'Fish Food']",[],0,[]
59,Terrariums/Stands,20,20,14,0,"['Pet Supplies', 'Hagen', 'Terrariums/Stands']",[],0,[]
60,All Reptile,46,46,14,0,"['Pet Supplies', 'Hagen', 'All Reptile']",[],0,[]
61,Nutrafin,10,10,14,0,"['Pet Supplies', 'Hagen', 'Nutrafin']",[],0,[]
62,Bird Food,20,20,14,0,"['Pet Supplies', 'Hagen', 'Bird Food']",[],0,[]
63,Heaters,19,19,14,0,"['Pet Supplies', 'Hagen', 'Heaters']",[],0,[]
64,Elite,2,2,14,0,"['Pet Supplies', 'Hagen', 'Elite']",[],0,[]
65,Glo,2,2,14,0,"['Pet Supplies', 'Hagen', 'Glo']",[],0,[]
66,Reptile Heating,9,9,14,0,"['Pet Supplies', 'Hagen', 'Reptile Heating']",[],0,[]
67,Incandescent Lighting,16,16,14,0,"['Pet Supplies', 'Hagen', 'Incandescent Lighting']",[],0,[]
68,Bird Treats,12,12,14,0,"['Pet Supplies', 'Hagen', 'Bird Treats']",[],0,[]
69,Small Animal Treats,6,6,14,0,"['Pet Supplies', 'Hagen', 'Small Animal Treats']",[],0,[]
70,TropiMix,7,7,14,0,"['Pet Supplies', 'Hagen', 'TropiMix']",[],0,[]
71,Tropican,14,14,14,0,"['Pet Supplies', 'Hagen', 'Tropican']",[],0,[]
72,Bird Toys,33,33,14,0,"['Pet Supplies', 'Hagen', 'Bird Toys']",[],0,[]
73,All Bird,11,11,14,0,"['Pet Supplies', 'Hagen', 'All Bird']",[],0,[]
74,Fluorescent Lighting,10,10,14,0,"['Pet Supplies', 'Hagen', 'Fluorescent Lighting']",[],0,[]
75,Exo Terra,14,14,14,0,"['Pet Supplies', 'Hagen', 'Exo Terra']",[],0,[]
76,Habitrail,2,2,14,0,"['Pet Supplies', 'Hagen', 'Habitrail']",[],0,[]
77,Laguna,2,2,14,0,"['Pet Supplies', 'Hagen', 'Laguna']",[],0,[]
78,Cat Toys,2,2,14,0,"['Pet Supplies', 'Hagen', 'Cat Toys']",[],0,[]
79,Small Animal Housing,5,5,14,0,"['Pet Supplies', 'Hagen', 'Small Animal Housing']",[],0,[]
80,Vision,6,6,14,0,"['Pet Supplies', 'Hagen', 'Vision']",[],0,[]
81,Pet Cargo,1,1,14,0,"['Pet Supplies', 'Hagen', 'Pet Cargo']",[],0,[]
82,Small Animal Food,4,4,14,0,"['Pet Supplies', 'Hagen', 'Small Animal Food']",[],0,[]
83,Catit,4,4,14,0,"['Pet Supplies', 'Hagen', 'Catit']",[],0,[]
84,Reptile Substrates,1,1,14,0,"['Pet Supplies', 'Hagen', 'Reptile Substrates']",[],0,[]
85,All Cat,1,1,14,0,"['Pet Supplies', 'Hagen', 'All Cat']",[],0,[]
86,Dog Toys,20,20,14,0,"['Pet Supplies', 'Hagen', 'Dog Toys']",[],0,[]
87,Reptile Decor,1,1,14,0,"['Pet Supplies', 'Hagen', 'Reptile Decor']",[],0,[]
88,Small Animal Toys,5,5,14,0,"['Pet Supplies', 'Hagen', 'Small Animal Toys']",[],0,[]
89,Fluval,2,2,14,0,"['Pet Supplies', 'Hagen', 'Fluval']",[],0,[]
90,Cat Grooming,1,1,14,0,"['Pet Supplies', 'Hagen', 'Cat Grooming']",[],0,[]
91,All Dog,1,1,14,0,"['Pet Supplies', 'Hagen', 'All Dog']",[],0,[]
92,Nano Aquariums,1,1,14,0,"['Pet Supplies', 'Hagen', 'Nano Aquariums']",[],0,[]
93,Habitat Lighting,173,173,12,0,"['Pet Supplies', 'Reptiles & Amphibians', 'Habitat Lighting']",[],0,[]
94,Terrarium Heat Lamps & Mats,6,135,12,2,"['Pet Supplies', 'Reptiles & Amphibians', 'Terrarium Heat Lamps & Mats']","[107, 108]",0,[]
95,Food,325,325,12,0,"['Pet Supplies', 'Reptiles & Amphibians', 'Food']",[],0,[]
96,Reptile Houses,103,103,12,0,"['Pet Supplies', 'Reptiles & Amphibians', 'Reptile Houses']",[],0,[]
97,Thermometers,16,16,12,0,"['Pet Supplies', 'Reptiles & Amphibians', 'Thermometers']",[],0,[]
98,Health Supplies,80,80,12,0,"['Pet Supplies', 'Reptiles & Amphibians', 'Health Supplies']",[],0,[]
99,Terrarium Covers,60,60,12,0,"['Pet Supplies', 'Reptiles & Amphibians', 'Terrarium Covers']",[],0,[]
100,"Terrarium Bedding, Sand & Substrate",6,138,12,3,"['Pet Supplies', 'Reptiles & Amphibians', 'Terrarium Bedding, Sand & Substrate']","[104, 105, 106]",0,[]
101,Terrariums,24,24,12,0,"['Pet Supplies', 'Reptiles & Amphibians', 'Terrariums']",[],0,[]
102,Terrarium Bowls,37,37,12,0,"['Pet Supplies', 'Reptiles & Amphibians', 'Terrarium Bowls']",[],0,[]
103,Hygrometers,5,5,12,0,"['Pet Supplies', 'Reptiles & Amphibians', 'Hygrometers']",[],0,[]
104,Substrate,85,85,100,0,"['Pet Supplies', 'Reptiles & Amphibians', 'Terrarium Bedding, Sand & Substrate', 'Substrate']",[],0,[]
105,Bedding,33,33,100,0,"['Pet Supplies', 'Reptiles & Amphibians', 'Terrarium Bedding, Sand & Substrate', 'Bedding']",[],0,[]
106,Sand,14,14,100,0,"['Pet Supplies', 'Reptiles & Amphibians', 'Terrarium Bedding, Sand & Substrate', 'Sand']",[],0,[]
107,Heat Lamps,78,78,94,0,"['Pet Supplies', 'Reptiles & Amphibians', 'Terrarium Heat Lamps & Mats', 'Heat Lamps']",[],0,[]
108,Heat Mats,51,51,94,0,"['Pet Supplies', 'Reptiles & Amphibians', 'Terrarium Heat Lamps & Mats', 'Heat Mats']",[],0,[]
109,Food,146,146,11,0,"['Pet Supplies', 'Bunny Rabbit Central', 'Food']",[],0,[]
110,Treats,69,69,11,0,"['Pet Supplies', 'Bunny Rabbit Central', 'Treats']",[],0,[]
111,Toys,64,64,11,0,"['Pet Supplies', 'Bunny Rabbit Central', 'Toys']",[],0,[]
112,Odor & Stain Removers,1,1,11,0,"['Pet Supplies', 'Bunny Rabbit Central', 'Odor & Stain Removers']",[],0,[]
113,Carriers,6,6,11,0,"['Pet Supplies', 'Bunny Rabbit Central', 'Carriers']",[],0,[]
114,Rabbit Hutches,21,21,11,0,"['Pet Supplies', 'Bunny Rabbit Central', 'Rabbit Hutches']",[],0,[]
115,Houses & Habitats,2,2,11,0,"['Pet Supplies', 'Bunny Rabbit Central', 'Houses & Habitats']",[],0,[]
116,Grooming,2,2,11,0,"['Pet Supplies', 'Bunny Rabbit Central', 'Grooming']",[],0,[]
117,Tetra Pond Food,10,10,10,0,"['Pet Supplies', 'Tetra Pond', 'Tetra Pond Food']",[],0,[]
118,Tetra Pond Plant Care,1,1,10,0,"['Pet Supplies', 'Tetra Pond', 'Tetra Pond Plant Care']",[],0,[]
119,Tetra Pond Water Care,9,9,10,0,"['Pet Supplies', 'Tetra Pond', 'Tetra Pond Water Care']",[],0,[]
120,Tetra Pond Equipment,2,2,10,0,"['Pet Supplies', 'Tetra Pond', 'Tetra Pond Equipment']",[],0,[]
121,Potty Training,0,267,9,3,"['Pet Supplies', 'Pet Behavior Center', 'Potty Training']","[139, 140, 141]",0,[]
122,Pet Proofing,0,48,9,3,"['Pet Supplies', 'Pet Behavior Center', 'Pet Proofing']","[136, 137, 138]",0,[]
123,Fencing & Containment,1,130,9,3,"['Pet Supplies', 'Pet Behavior Center', 'Fencing & Containment']","[133, 134, 135]",0,[]
124,Barking Control,2,46,9,3,"['Pet Supplies', 'Pet Behavior Center', 'Barking Control']","[130, 131, 132]",0,[]
125,Dog Training,0,82,9,4,"['Pet Supplies', 'Pet Behavior Center', 'Dog Training']","[126, 127, 128, 129]",0,[]
126,Training Harnesses & Leashes,5,5,125,0,"['Pet Supplies', 'Pet Behavior Center', 'Dog Training', 'Training Harnesses & Leashes']",[],0,[]
127,Home Pet Trainers,29,29,125,0,"['Pet Supplies', 'Pet Behavior Center', 'Dog Training', 'Home Pet Trainers']",[],0,[]
128,Clicker Trainers,12,12,125,0,"['Pet Supplies', 'Pet Behavior Center', 'Dog Training', 'Clicker Trainers']",[],0,[]
129,Sporting Dog Trainers,36,36,125,0,"['Pet Supplies', 'Pet Behavior Center', 'Dog Training', 'Sporting Dog Trainers']",[],0,[]
130,Indoor Systems,7,7,124,0,"['Pet Supplies', 'Pet Behavior Center', 'Barking Control', 'Indoor Systems']",[],0,[]
131,Outdoor Systems,5,5,124,0,"['Pet Supplies', 'Pet Behavior Center', 'Barking Control', 'Outdoor Systems']",[],0,[]
132,Collars,32,32,124,0,"['Pet Supplies', 'Pet Behavior Center', 'Barking Control', 'Collars']",[],0,[]
133,In-Ground Fencing,78,78,123,0,"['Pet Supplies', 'Pet Behavior Center', 'Fencing & Containment', 'In-Ground Fencing']",[],0,[]
134,Wireless Fencing,7,7,123,0,"['Pet Supplies', 'Pet Behavior Center', 'Fencing & Containment', 'Wireless Fencing']",[],0,[]
135,Kennels,44,44,123,0,"['Pet Supplies', 'Pet Behavior Center', 'Fencing & Containment', 'Kennels']",[],0,[]
136,Chewing & Anxiety Solutions,18,18,122,0,"['Pet Supplies', 'Pet Behavior Center', 'Pet Proofing', 'Chewing & Anxiety Solutions']",[],0,[]
137,Protecting Outside Spaces,5,5,122,0,"['Pet Supplies', 'Pet Behavior Center', 'Pet Proofing', 'Protecting Outside Spaces']",[],0,[]
138,Protecting Inside Spaces,25,25,122,0,"['Pet Supplies', 'Pet Behavior Center', 'Pet Proofing', 'Protecting Inside Spaces']",[],0,[]
139,Litter & Refills,119,119,121,0,"['Pet Supplies', 'Pet Behavior Center', 'Potty Training', 'Litter & Refills']",[],0,[]
140,Litter Boxes,68,68,121,0,"['Pet Supplies', 'Pet Behavior Center', 'Potty Training', 'Litter Boxes']",[],0,[]
141,Potty Pads,80,80,121,0,"['Pet Supplies', 'Pet Behavior Center', 'Potty Training', 'Potty Pads']",[],0,[]
142,Toys,0,93,8,2,"['Pet Supplies', 'Buy $25 Save $5 on Nylabone', 'Toys']","[146, 147]",0,[]
143,Treats,0,21,8,2,"['Pet Supplies', 'Buy $25 Save $5 on Nylabone', 'Treats']","[144, 145]",0,[]
144,Dog,20,20,143,0,"['Pet Supplies', 'Buy $25 Save $5 on Nylabone', 'Treats', 'Dog']",[],0,[]
145,Puppy,1,1,143,0,"['Pet Supplies', 'Buy $25 Save $5 on Nylabone', 'Treats', 'Puppy']",[],0,[]
146,Dog,74,74,142,0,"['Pet Supplies', 'Buy $25 Save $5 on Nylabone', 'Toys', 'Dog']",[],0,[]
147,Puppies,19,19,142,0,"['Pet Supplies', 'Buy $25 Save $5 on Nylabone', 'Toys', 'Puppies']",[],0,[]
148,Farrier Supplies,3,46,7,3,"['Pet Supplies', 'Horses', 'Farrier Supplies']","[179, 180, 181]",0,[]
149,Health Supplies,19,962,7,7,"['Pet Supplies', 'Horses', 'Health Supplies']","[166, 167, 168, 169, 170, 171, 172]",0,[]
150,Pest Control,152,152,7,0,"['Pet Supplies', 'Horses', 'Pest Control']",[],0,[]
151,Stable Supplies,0,167,7,3,"['Pet Supplies', 'Horses', 'Stable Supplies']","[163, 164, 165]",0,[]
152,Grooming & Bathing Supplies,160,431,7,3,"['Pet Supplies', 'Horses', 'Grooming & Bathing Supplies']","[160, 161, 162]",0,[]
153,Blankets & Sheets,215,406,7,1,"['Pet Supplies', 'Horses', 'Blankets & Sheets']",[159],0,[]
154,Food,5,5,7,0,"['Pet Supplies', 'Horses', 'Food']",[],0,[]
155,Treats,35,35,7,0,"['Pet Supplies', 'Horses', 'Treats']",[],0,[]
156,Boots & Wraps,2,205,7,2,"['Pet Supplies', 'Horses', 'Boots & Wraps']","[157, 158]",0,[]
157,Boots,197,197,156,0,"['Pet Supplies', 'Horses', 'Boots & Wraps', 'Boots']",[],0,[]
158,Wraps,6,6,156,0,"['Pet Supplies', 'Horses', 'Boots & Wraps', 'Wraps']",[],0,[]
159,Blankets,191,191,153,0,"['Pet Supplies', 'Horses', 'Blankets & Sheets', 'Blankets']",[],0,[]
160,Coat Care,163,163,152,0,"['Pet Supplies', 'Horses', 'Grooming & Bathing Supplies', 'Coat Care']",[],0,[]
161,Hoof Picks,35,35,152,0,"['Pet Supplies', 'Horses', 'Grooming & Bathing Supplies', 'Hoof Picks']",[],0,[]
162,Clippers,73,73,152,0,"['Pet Supplies', 'Horses', 'Grooming & Bathing Supplies', 'Clippers']",[],0,[]
163,Tack Care & Storage,58,58,151,0,"['Pet Supplies', 'Horses', 'Stable Supplies', 'Tack Care & Storage']",[],0,[]
164,Feeding & Watering Equipment,99,99,151,0,"['Pet Supplies', 'Horses', 'Stable Supplies', 'Feeding & Watering Equipment']",[],0,[]
165,Stall & Muck Supplies,10,10,151,0,"['Pet Supplies', 'Horses', 'Stable Supplies', 'Stall & Muck Supplies']",[],0,[]
166,Hoof Care,170,170,149,0,"['Pet Supplies', 'Horses', 'Health Supplies', 'Hoof Care']",[],0,[]
167,Vitamins & Supplements,377,497,149,6,"['Pet Supplies', 'Horses', 'Health Supplies', 'Vitamins & Supplements']","[173, 174, 175, 176, 177, 178]",0,[]
168,Wormers,57,57,149,0,"['Pet Supplies', 'Horses', 'Health Supplies', 'Wormers']",[],0,[]
169,Liniments,89,89,149,0,"['Pet Supplies', 'Horses', 'Health Supplies', 'Liniments']",[],0,[]
170,Wound Care,106,106,149,0,"['Pet Supplies', 'Horses', 'Health Supplies', 'Wound Care']",[],0,[]
171,Digestive Aids,9,9,149,0,"['Pet Supplies', 'Horses', 'Health Supplies', 'Digestive Aids']",[],0,[]
172,Salt Licks,15,15,149,0,"['Pet Supplies', 'Horses', 'Health Supplies', 'Salt Licks']",[],0,[]
173,"Skin, Coat & Hoof Supplements",20,20,167,0,"['Pet Supplies', 'Horses', 'Health Supplies', 'Vitamins & Supplements', 'Skin, Coat & Hoof Supplements']",[],0,[]
174,Vitamins & Minerals,27,27,167,0,"['Pet Supplies', 'Horses', 'Health Supplies', 'Vitamins & Supplements', 'Vitamins & Minerals']",[],0,[]
175,Joint Supplements,40,40,167,0,"['Pet Supplies', 'Horses', 'Health Supplies', 'Vitamins & Supplements', 'Joint Supplements']",[],0,[]
176,Weight Building Supplements,4,4,167,0,"['Pet Supplies', 'Horses', 'Health Supplies', 'Vitamins & Supplements', 'Weight Building Supplements']",[],0,[]
177,Electrolyte Supplements,12,12,167,0,"['Pet Supplies', 'Horses', 'Health Supplies', 'Vitamins & Supplements', 'Electrolyte Supplements']",[],0,[]
178,Calming Supplements,17,17,167,0,"['Pet Supplies', 'Horses', 'Health Supplies', 'Vitamins & Supplements', 'Calming Supplements']",[],0,[]
179,Tools,28,28,148,0,"['Pet Supplies', 'Horses', 'Farrier Supplies', 'Tools']",[],0,[]
180,Horseshoes,11,11,148,0,"['Pet Supplies', 'Horses', 'Farrier Supplies', 'Horseshoes']",[],0,[]
181,Shoeing & Tool Boxes,4,4,148,0,"['Pet Supplies', 'Horses', 'Farrier Supplies', 'Shoeing & Tool Boxes']",[],0,[]
182,Health Supplies,151,151,6,0,"['Pet Supplies', 'Birds', 'Health Supplies']",[],0,[]
183,Cages & Accessories,31,1292,6,10,"['Pet Supplies', 'Birds', 'Cages & Accessories']","[191, 192, 193, 194, 195, 196, 197, 198, 199, 200]",0,[]
184,Carriers,48,48,6,0,"['Pet Supplies', 'Birds', 'Carriers']",[],0,[]
185,Toys,876,876,6,0,"['Pet Supplies', 'Birds', 'Toys']",[],0,[]
186,Feeding & Watering Supplies,8,410,6,2,"['Pet Supplies', 'Birds', 'Feeding & Watering Supplies']","[189, 190]",0,[]
187,Food,888,888,6,0,"['Pet Supplies', 'Birds', 'Food']",[],0,[]
188,Treats,202,202,6,0,"['Pet Supplies', 'Birds', 'Treats']",[],0,[]
189,Feeders,383,383,186,0,"['Pet Supplies', 'Birds', 'Feeding & Watering Supplies', 'Feeders']",[],0,[]
190,Water Bottles,19,19,186,0,"['Pet Supplies', 'Birds', 'Feeding & Watering Supplies', 'Water Bottles']",[],0,[]
191,Perches,290,290,183,0,"['Pet Supplies', 'Birds', 'Cages & Accessories', 'Perches']",[],0,[]
192,Swings,42,42,183,0,"['Pet Supplies', 'Birds', 'Cages & Accessories', 'Swings']",[],0,[]
193,Birdcages,594,594,183,0,"['Pet Supplies', 'Birds', 'Cages & Accessories', 'Birdcages']",[],0,[]
194,Nests,96,96,183,0,"['Pet Supplies', 'Birds', 'Cages & Accessories', 'Nests']",[],0,[]
195,Birdcage Stands,37,37,183,0,"['Pet Supplies', 'Birds', 'Cages & Accessories', 'Birdcage Stands']",[],0,[]
196,Birdcage Covers,13,13,183,0,"['Pet Supplies', 'Birds', 'Cages & Accessories', 'Birdcage Covers']",[],0,[]
197,Seed Guards & Catchers,31,31,183,0,"['Pet Supplies', 'Birds', 'Cages & Accessories', 'Seed Guards & Catchers']",[],0,[]
198,Bird Baths,86,86,183,0,"['Pet Supplies', 'Birds', 'Cages & Accessories', 'Bird Baths']",[],0,[]
199,Bedding & Litter,33,33,183,0,"['Pet Supplies', 'Birds', 'Cages & Accessories', 'Bedding & Litter']",[],0,[]
200,Ladders,39,39,183,0,"['Pet Supplies', 'Birds', 'Cages & Accessories', 'Ladders']",[],0,[]
201,Pumps & Filters,0,3045,5,6,"['Pet Supplies', 'Fish & Aquatic Pets', 'Pumps & Filters']","[225, 226, 227, 228, 229, 230]",0,[]
202,Aquarium Lights,855,855,5,0,"['Pet Supplies', 'Fish & Aquatic Pets', 'Aquarium Lights']",[],0,[]
203,Food,958,958,5,0,"['Pet Supplies', 'Fish & Aquatic Pets', 'Food']",[],0,[]
204,Aquarium Substrate,2,249,5,2,"['Pet Supplies', 'Fish & Aquatic Pets', 'Aquarium Substrate']","[223, 224]",0,[]
205,Cleaners,101,364,5,3,"['Pet Supplies', 'Fish & Aquatic Pets', 'Cleaners']","[220, 221, 222]",0,[]
206,Aquariums & Fish Bowls,0,1127,5,3,"['Pet Supplies', 'Fish & Aquatic Pets', 'Aquariums & Fish Bowls']","[217, 218, 219]",0,[]
207,Water Treatments,717,717,5,0,"['Pet Supplies', 'Fish & Aquatic Pets', 'Water Treatments']",[],0,[]
208,Hydrometers,20,20,5,0,"['Pet Supplies', 'Fish & Aquatic Pets', 'Hydrometers']",[],0,[]
209,Health Supplies,137,137,5,0,"['Pet Supplies', 'Fish & Aquatic Pets', 'Health Supplies']",[],0,[]
210,Test Kits,159,159,5,0,"['Pet Supplies', 'Fish & Aquatic Pets', 'Test Kits']",[],0,[]
211,Automatic Feeders,44,44,5,0,"['Pet Supplies', 'Fish & Aquatic Pets', 'Automatic Feeders']",[],0,[]
212,Aquarium Hoods,97,97,5,0,"['Pet Supplies', 'Fish & Aquatic Pets', 'Aquarium Hoods']",[],0,[]
213,Breeding Tanks,26,26,5,0,"['Pet Supplies', 'Fish & Aquatic Pets', 'Breeding Tanks']",[],0,[]
214,Aquarium Heaters,239,239,5,0,"['Pet Supplies', 'Fish & Aquatic Pets', 'Aquarium Heaters']",[],0,[]
215,Aquarium Stands,91,91,5,0,"['Pet Supplies', 'Fish & Aquatic Pets', 'Aquarium Stands']",[],0,[]
216,Thermometers,21,21,5,0,"['Pet Supplies', 'Fish & Aquatic Pets', 'Thermometers']",[],0,[]
217,Aquariums,844,844,206,0,"['Pet Supplies', 'Fish & Aquatic Pets', 'Aquariums & Fish Bowls', 'Aquariums']",[],0,[]
218,Starter Kits,151,151,206,0,"['Pet Supplies', 'Fish & Aquatic Pets', 'Aquariums & Fish Bowls', 'Starter Kits']",[],0,[]
219,Fish Bowls,132,132,206,0,"['Pet Supplies', 'Fish & Aquatic Pets', 'Aquariums & Fish Bowls', 'Fish Bowls']",[],0,[]
220,Gravel Cleaners,91,91,205,0,"['Pet Supplies', 'Fish & Aquatic Pets', 'Cleaners', 'Gravel Cleaners']",[],0,[]
221,Algae Scrapers,126,126,205,0,"['Pet Supplies', 'Fish & Aquatic Pets', 'Cleaners', 'Algae Scrapers']",[],0,[]
222,Aquarium Nets,46,46,205,0,"['Pet Supplies', 'Fish & Aquatic Pets', 'Cleaners', 'Aquarium Nets']",[],0,[]
223,Gravel,172,172,204,0,"['Pet Supplies', 'Fish & Aquatic Pets', 'Aquarium Substrate', 'Gravel']",[],0,[]
224,Sand,75,75,204,0,"['Pet Supplies', 'Fish & Aquatic Pets', 'Aquarium Substrate', 'Sand']",[],0,[]
225,Air Pump Accessories,340,340,201,0,"['Pet Supplies', 'Fish & Aquatic Pets', 'Pumps & Filters', 'Air Pump Accessories']",[],0,[]
226,Filters,834,834,201,0,"['Pet Supplies', 'Fish & Aquatic Pets', 'Pumps & Filters', 'Filters']",[],0,[]
227,Filter Accessories,1098,1098,201,0,"['Pet Supplies', 'Fish & Aquatic Pets', 'Pumps & Filters', 'Filter Accessories']",[],0,[]
228,Air Pumps,185,185,201,0,"['Pet Supplies', 'Fish & Aquatic Pets', 'Pumps & Filters', 'Air Pumps']",[],0,[]
229,Water Pump Accessories,167,167,201,0,"['Pet Supplies', 'Fish & Aquatic Pets', 'Pumps & Filters', 'Water Pump Accessories']",[],0,[]
230,Water Pumps,421,421,201,0,"['Pet Supplies', 'Fish & Aquatic Pets', 'Pumps & Filters', 'Water Pumps']",[],0,[]
231,Memorials,48,48,4,0,"['Pet Supplies', 'Cats', 'Memorials']",[],0,[]
232,Toys,192,1870,4,5,"['Pet Supplies', 'Cats', 'Toys']","[330, 331, 332, 333, 334]",0,[]
233,Health Supplies,93,1313,4,12,"['Pet Supplies', 'Cats', 'Health Supplies']","[304, 305, 306, 307, 308, 309, 310, 311, 312, 313, 314, 315]",0,[]
234,Feeding & Watering Supplies,16,357,4,5,"['Pet Supplies', 'Cats', 'Feeding & Watering Supplies']","[299, 300, 301, 302, 303]",0,[]
235,Litter & Housebreaking,48,1307,4,5,"['Pet Supplies', 'Cats', 'Litter & Housebreaking']","[294, 295, 296, 297, 298]",0,[]
236,Treats,22,788,4,2,"['Pet Supplies', 'Cats', 'Treats']","[292, 293]",0,[]
237,Food,93,2954,4,2,"['Pet Supplies', 'Cats', 'Food']","[288, 289]",0,[]
238,Beds & Furniture,20,2924,4,8,"['Pet Supplies', 'Cats', 'Beds & Furniture']","[278, 279, 280, 281, 282, 283, 284, 285]",0,[]
239,Grooming,32,467,4,10,"['Pet Supplies', 'Cats', 'Grooming']","[263, 264, 265, 266, 267, 268, 269, 270, 271, 272]",0,[]
240,"Cat Flaps, Steps, Nets & Pens",4,119,4,3,"['Pet Supplies', 'Cats', 'Cat Flaps, Steps, Nets & Pens']","[258, 259, 260]",0,[]
241,Medications,3,3,4,0,"['Pet Supplies', 'Cats', 'Medications']",[],0,[]
242,Educational Repellents,11,53,4,2,"['Pet Supplies', 'Cats', 'Educational Repellents']","[256, 257]",0,[]
243,Carriers & Strollers,0,107,4,2,"['Pet Supplies', 'Cats', 'Carriers & Strollers']","[252, 253]",0,[]
244,"Collars, Harnesses & Leashes",0,577,4,4,"['Pet Supplies', 'Cats', 'Collars, Harnesses & Leashes']","[247, 248, 249, 250]",0,[]
245,Apparel,70,70,4,0,"['Pet Supplies', 'Cats', 'Apparel']",[],2,"[(391, 5), (398, 2)]"
246,Cages,9,9,4,0,"['Pet Supplies', 'Cats', 'Cages']",[],0,[]
247,Harnesses,174,174,244,0,"['Pet Supplies', 'Cats', 'Collars, Harnesses & Leashes', 'Harnesses']",[],0,[]
248,Collars,318,353,244,1,"['Pet Supplies', 'Cats', 'Collars, Harnesses & Leashes', 'Collars']",[251],0,[]
249,Collar Charms,12,12,244,0,"['Pet Supplies', 'Cats', 'Collars, Harnesses & Leashes', 'Collar Charms']",[],1,"[(494, 1)]"
250,Leashes,38,38,244,0,"['Pet Supplies', 'Cats', 'Collars, Harnesses & Leashes', 'Leashes']",[],0,[]
251,Accessories,35,35,248,0,"['Pet Supplies', 'Cats', 'Collars, Harnesses & Leashes', 'Collars', 'Accessories']",[],0,[]
252,Carriers,21,90,243,2,"['Pet Supplies', 'Cats', 'Carriers & Strollers', 'Carriers']","[254, 255]",3,"[(448, 2), (343, 2), (2, 2)]"
253,Strollers,17,17,243,0,"['Pet Supplies', 'Cats', 'Carriers & Strollers', 'Strollers']",[],0,[]
254,Hard-Sided Carriers,32,32,252,0,"['Pet Supplies', 'Cats', 'Carriers & Strollers', 'Carriers', 'Hard-Sided Carriers']",[],0,[]
255,Soft-Sided Carriers,37,37,252,0,"['Pet Supplies', 'Cats', 'Carriers & Strollers', 'Carriers', 'Soft-Sided Carriers']",[],0,[]
256,Spray Repellents,34,34,242,0,"['Pet Supplies', 'Cats', 'Educational Repellents', 'Spray Repellents']",[],0,[]
257,Repellent Mats,8,8,242,0,"['Pet Supplies', 'Cats', 'Educational Repellents', 'Repellent Mats']",[],0,[]
258,Cat Flaps,103,103,240,0,"['Pet Supplies', 'Cats', 'Cat Flaps, Steps, Nets & Pens', 'Cat Flaps']",[],0,[]
259,Stairs & Steps,0,10,240,2,"['Pet Supplies', 'Cats', 'Cat Flaps, Steps, Nets & Pens', 'Stairs & Steps']","[261, 262]",0,[]
260,Outdoor Pens,2,2,240,0,"['Pet Supplies', 'Cats', 'Cat Flaps, Steps, Nets & Pens', 'Outdoor Pens']",[],0,[]
261,Steps,9,9,259,0,"['Pet Supplies', 'Cats', 'Cat Flaps, Steps, Nets & Pens', 'Stairs & Steps', 'Steps']",[],0,[]
262,Stairs,1,1,259,0,"['Pet Supplies', 'Cats', 'Cat Flaps, Steps, Nets & Pens', 'Stairs & Steps', 'Stairs']",[],0,[]
263,Brushes,92,92,239,0,"['Pet Supplies', 'Cats', 'Grooming', 'Brushes']",[],0,[]
264,Shampoos & Conditioners,0,86,239,3,"['Pet Supplies', 'Cats', 'Grooming', 'Shampoos & Conditioners']","[275, 276, 277]",0,[]
265,Dander Remover Sprays,6,6,239,0,"['Pet Supplies', 'Cats', 'Grooming', 'Dander Remover Sprays']",[],0,[]
266,Shedding Tools,32,32,239,0,"['Pet Supplies', 'Cats', 'Grooming', 'Shedding Tools']",[],0,[]
267,Combs,26,26,239,0,"['Pet Supplies', 'Cats', 'Grooming', 'Combs']",[],0,[]
268,Claw Care,154,154,239,0,"['Pet Supplies', 'Cats', 'Grooming', 'Claw Care']",[],0,[]
269,Hair Removal Mitts & Rollers,10,10,239,0,"['Pet Supplies', 'Cats', 'Grooming', 'Hair Removal Mitts & Rollers']",[],0,[]
270,Styptic Gels & Powders,3,3,239,0,"['Pet Supplies', 'Cats', 'Grooming', 'Styptic Gels & Powders']",[],0,[]
271,Electric Clippers & Blades,0,18,239,2,"['Pet Supplies', 'Cats', 'Grooming', 'Electric Clippers & Blades']","[273, 274]",0,[]
272,Scissors,8,8,239,0,"['Pet Supplies', 'Cats', 'Grooming', 'Scissors']",[],0,[]
273,Electric Clippers,14,14,271,0,"['Pet Supplies', 'Cats', 'Grooming', 'Electric Clippers & Blades', 'Electric Clippers']",[],0,[]
274,Replacement Blades,4,4,271,0,"['Pet Supplies', 'Cats', 'Grooming', 'Electric Clippers & Blades', 'Replacement Blades']",[],0,[]
275,Shampoos,74,74,264,0,"['Pet Supplies', 'Cats', 'Grooming', 'Shampoos & Conditioners', 'Shampoos']",[],0,[]
276,Conditioners,6,6,264,0,"['Pet Supplies', 'Cats', 'Grooming', 'Shampoos & Conditioners', 'Conditioners']",[],0,[]
277,Shampoos Plus Conditioners,6,6,264,0,"['Pet Supplies', 'Cats', 'Grooming', 'Shampoos & Conditioners', 'Shampoos Plus Conditioners']",[],0,[]
278,Scratching Pads,192,192,238,0,"['Pet Supplies', 'Cats', 'Beds & Furniture', 'Scratching Pads']",[],0,[]
279,Beds & Sofas,0,1528,238,2,"['Pet Supplies', 'Cats', 'Beds & Furniture', 'Beds & Sofas']","[286, 287]",0,[]
280,Scratching Posts,318,318,238,0,"['Pet Supplies', 'Cats', 'Beds & Furniture', 'Scratching Posts']",[],0,[]
281,Cat Houses & Condos,369,369,238,0,"['Pet Supplies', 'Cats', 'Beds & Furniture', 'Cat Houses & Condos']",[],0,[]
282,Activity Trees,407,407,238,0,"['Pet Supplies', 'Cats', 'Beds & Furniture', 'Activity Trees']",[],0,[]
283,Bed Mats,23,23,238,0,"['Pet Supplies', 'Cats', 'Beds & Furniture', 'Bed Mats']",[],0,[]
284,Window Perches,59,59,238,0,"['Pet Supplies', 'Cats', 'Beds & Furniture', 'Window Perches']",[],0,[]
285,Bed Blankets,8,8,238,0,"['Pet Supplies', 'Cats', 'Beds & Furniture', 'Bed Blankets']",[],0,[]
286,Beds,1385,1385,279,0,"['Pet Supplies', 'Cats', 'Beds & Furniture', 'Beds & Sofas', 'Beds']",[],0,[]
287,Sofas,143,143,279,0,"['Pet Supplies', 'Cats', 'Beds & Furniture', 'Beds & Sofas', 'Sofas']",[],0,[]
288,Dry,966,966,237,0,"['Pet Supplies', 'Cats', 'Food', 'Dry']",[],0,[]
289,Wet,127,1895,237,2,"['Pet Supplies', 'Cats', 'Food', 'Wet']","[290, 291]",0,[]
290,Canned,1663,1663,289,0,"['Pet Supplies', 'Cats', 'Food', 'Wet', 'Canned']",[],0,[]
291,Pouches,105,105,289,0,"['Pet Supplies', 'Cats', 'Food', 'Wet', 'Pouches']",[],0,[]
292,Catnip,151,151,236,0,"['Pet Supplies', 'Cats', 'Treats', 'Catnip']",[],0,[]
293,Snacks,615,615,236,0,"['Pet Supplies', 'Cats', 'Treats', 'Snacks']",[],0,[]
294,Litter Boxes,428,428,235,0,"['Pet Supplies', 'Cats', 'Litter & Housebreaking', 'Litter Boxes']",[],0,[]
295,Litter,398,398,235,0,"['Pet Supplies', 'Cats', 'Litter & Housebreaking', 'Litter']",[],0,[]
296,Litter Box Liners,134,134,235,0,"['Pet Supplies', 'Cats', 'Litter & Housebreaking', 'Litter Box Liners']",[],0,[]
297,Odor & Stain Removers,175,175,235,0,"['Pet Supplies', 'Cats', 'Litter & Housebreaking', 'Odor & Stain Removers']",[],0,[]
298,Litter Scoops,124,124,235,0,"['Pet Supplies', 'Cats', 'Litter & Housebreaking', 'Litter Scoops']",[],0,[]
299,Food Storage,21,21,234,0,"['Pet Supplies', 'Cats', 'Feeding & Watering Supplies', 'Food Storage']",[],0,[]
300,Fountains,56,56,234,0,"['Pet Supplies', 'Cats', 'Feeding & Watering Supplies', 'Fountains']",[],0,[]
301,Bowls,215,215,234,0,"['Pet Supplies', 'Cats', 'Feeding & Watering Supplies', 'Bowls']",[],0,[]
302,Automatic Feeders,41,41,234,0,"['Pet Supplies', 'Cats', 'Feeding & Watering Supplies', 'Automatic Feeders']",[],0,[]
303,Nursing Supplies,8,8,234,0,"['Pet Supplies', 'Cats', 'Feeding & Watering Supplies', 'Nursing Supplies']",[],0,[]
304,Supplements & Vitamins,87,476,233,6,"['Pet Supplies', 'Cats', 'Health Supplies', 'Supplements & Vitamins']","[324, 325, 326, 327, 328, 329]",0,[]
305,"Flea, Lice & Tick Control",5,267,233,8,"['Pet Supplies', 'Cats', 'Health Supplies', 'Flea, Lice & Tick Control']","[316, 317, 318, 319, 320, 321, 322, 323]",0,[]
306,Wormers,20,20,233,0,"['Pet Supplies', 'Cats', 'Health Supplies', 'Wormers']",[],0,[]
307,Hairball Remedy Pastes & Gels,112,112,233,0,"['Pet Supplies', 'Cats', 'Health Supplies', 'Hairball Remedy Pastes & Gels']",[],0,[]
308,Dental Care,121,121,233,0,"['Pet Supplies', 'Cats', 'Health Supplies', 'Dental Care']",[],0,[]
309,Ear Care,26,26,233,0,"['Pet Supplies', 'Cats', 'Health Supplies', 'Ear Care']",[],0,[]
310,Milk Replacers,23,23,233,0,"['Pet Supplies', 'Cats', 'Health Supplies', 'Milk Replacers']",[],0,[]
311,Itch Remedies,22,22,233,0,"['Pet Supplies', 'Cats', 'Health Supplies', 'Itch Remedies']",[],0,[]
312,Digestive Remedies,52,52,233,0,"['Pet Supplies', 'Cats', 'Health Supplies', 'Digestive Remedies']",[],0,[]
313,Recovery Collars & Cones,10,10,233,0,"['Pet Supplies', 'Cats', 'Health Supplies', 'Recovery Collars & Cones']",[],0,[]
314,Relaxants,73,73,233,0,"['Pet Supplies', 'Cats', 'Health Supplies', 'Relaxants']",[],0,[]
315,Eye Care,18,18,233,0,"['Pet Supplies', 'Cats', 'Health Supplies', 'Eye Care']",[],0,[]
316,Flea Drops,131,131,305,0,"['Pet Supplies', 'Cats', 'Health Supplies', 'Flea, Lice & Tick Control', 'Flea Drops']",[],0,[]
317,Flea Collars,41,41,305,0,"['Pet Supplies', 'Cats', 'Health Supplies', 'Flea, Lice & Tick Control', 'Flea Collars']",[],0,[]
318,Cat Flea Sprays,23,23,305,0,"['Pet Supplies', 'Cats', 'Health Supplies', 'Flea, Lice & Tick Control', 'Cat Flea Sprays']",[],0,[]
319,Flea Combs,12,12,305,0,"['Pet Supplies', 'Cats', 'Health Supplies', 'Flea, Lice & Tick Control', 'Flea Combs']",[],0,[]
320,Flea Shampoos,19,19,305,0,"['Pet Supplies', 'Cats', 'Health Supplies', 'Flea, Lice & Tick Control', 'Flea Shampoos']",[],0,[]
321,Cat Flea Powders,15,15,305,0,"['Pet Supplies', 'Cats', 'Health Supplies', 'Flea, Lice & Tick Control', 'Cat Flea Powders']",[],0,[]
322,Carpet Flea Powders & Sprays,20,20,305,0,"['Pet Supplies', 'Cats', 'Health Supplies', 'Flea, Lice & Tick Control', 'Carpet Flea Powders & Sprays']",[],0,[]
323,Tick Remover Tools,1,1,305,0,"['Pet Supplies', 'Cats', 'Health Supplies', 'Flea, Lice & Tick Control', 'Tick Remover Tools']",[],0,[]
324,Herbal Supplements,29,29,304,0,"['Pet Supplies', 'Cats', 'Health Supplies', 'Supplements & Vitamins', 'Herbal Supplements']",[],0,[]
325,Bone & Joint Health Supplements,160,160,304,0,"['Pet Supplies', 'Cats', 'Health Supplies', 'Supplements & Vitamins', 'Bone & Joint Health Supplements']",[],0,[]
326,Multivitamins,109,109,304,0,"['Pet Supplies', 'Cats', 'Health Supplies', 'Supplements & Vitamins', 'Multivitamins']",[],0,[]
327,Fish Oil Supplements,29,29,304,0,"['Pet Supplies', 'Cats', 'Health Supplies', 'Supplements & Vitamins', 'Fish Oil Supplements']",[],0,[]
328,Probiotics,22,22,304,0,"['Pet Supplies', 'Cats', 'Health Supplies', 'Supplements & Vitamins', 'Probiotics']",[],0,[]
329,Antioxidants,40,40,304,0,"['Pet Supplies', 'Cats', 'Health Supplies', 'Supplements & Vitamins', 'Antioxidants']",[],0,[]
330,Catnip Toys,666,666,232,0,"['Pet Supplies', 'Cats', 'Toys', 'Catnip Toys']",[],0,[]
331,Mice & Animal Toys,541,541,232,0,"['Pet Supplies', 'Cats', 'Toys', 'Mice & Animal Toys']",[],0,[]
332,Feather Toys,242,242,232,0,"['Pet Supplies', 'Cats', 'Toys', 'Feather Toys']",[],0,[]
333,Balls,199,199,232,0,"['Pet Supplies', 'Cats', 'Toys', 'Balls']",[],0,[]
334,Laser Toys,30,30,232,0,"['Pet Supplies', 'Cats', 'Toys', 'Laser Toys']",[],0,[]
335,Grooming,87,277,3,3,"['Pet Supplies', 'Small Animals', 'Grooming']","[356, 357, 358]",0,[]
336,Health Supplies,72,72,3,0,"['Pet Supplies', 'Small Animals', 'Health Supplies']",[],0,[]
337,Food,427,427,3,0,"['Pet Supplies', 'Small Animals', 'Food']",[],0,[]
338,Houses & Habitats,73,1001,3,4,"['Pet Supplies', 'Small Animals', 'Houses & Habitats']","[352, 353, 354, 355]",0,[]
339,Treats,200,200,3,0,"['Pet Supplies', 'Small Animals', 'Treats']",[],0,[]
340,Feeding & Watering Supplies,12,428,3,3,"['Pet Supplies', 'Small Animals', 'Feeding & Watering Supplies']","[349, 350, 351]",0,[]
341,Toys,250,250,3,0,"['Pet Supplies', 'Small Animals', 'Toys']",[],0,[]
342,Odor & Stain Removers,31,31,3,0,"['Pet Supplies', 'Small Animals', 'Odor & Stain Removers']",[],0,[]
343,Carriers,177,177,3,0,"['Pet Supplies', 'Small Animals', 'Carriers']",[],3,"[(252, 2), (448, 2), (2, 2)]"
344,Exercise Wheels,56,56,3,0,"['Pet Supplies', 'Small Animals', 'Exercise Wheels']",[],0,[]
345,"Collars, Harnesses & Leashes",0,167,3,3,"['Pet Supplies', 'Small Animals', 'Collars, Harnesses & Leashes']","[346, 347, 348]",0,[]
346,Harnesses,107,107,345,0,"['Pet Supplies', 'Small Animals', 'Collars, Harnesses & Leashes', 'Harnesses']",[],0,[]
347,Leashes,8,8,345,0,"['Pet Supplies', 'Small Animals', 'Collars, Harnesses & Leashes', 'Leashes']",[],0,[]
348,Collars,52,52,345,0,"['Pet Supplies', 'Small Animals', 'Collars, Harnesses & Leashes', 'Collars']",[],0,[]
349,Water Bottles,160,160,340,0,"['Pet Supplies', 'Small Animals', 'Feeding & Watering Supplies', 'Water Bottles']",[],0,[]
350,Automatic Feeders,59,59,340,0,"['Pet Supplies', 'Small Animals', 'Feeding & Watering Supplies', 'Automatic Feeders']",[],0,[]
351,Bowls,197,197,340,0,"['Pet Supplies', 'Small Animals', 'Feeding & Watering Supplies', 'Bowls']",[],0,[]
352,Bedding & Litter,190,190,338,0,"['Pet Supplies', 'Small Animals', 'Houses & Habitats', 'Bedding & Litter']",[],0,[]
353,Cages,579,579,338,0,"['Pet Supplies', 'Small Animals', 'Houses & Habitats', 'Cages']",[],0,[]
354,Tubes & Tunnels,66,66,338,0,"['Pet Supplies', 'Small Animals', 'Houses & Habitats', 'Tubes & Tunnels']",[],0,[]
355,Beds,93,93,338,0,"['Pet Supplies', 'Small Animals', 'Houses & Habitats', 'Beds']",[],0,[]
356,Deodorizers,47,47,335,0,"['Pet Supplies', 'Small Animals', 'Grooming', 'Deodorizers']",[],0,[]
357,Combs,51,51,335,0,"['Pet Supplies', 'Small Animals', 'Grooming', 'Combs']",[],0,[]
358,Brushes,92,92,335,0,"['Pet Supplies', 'Small Animals', 'Grooming', 'Brushes']",[],0,[]
359,Toys,554,7634,1,6,"['Pet Supplies', 'Dogs', 'Toys']","[549, 550, 551, 552, 553, 554]",0,[]
360,Memorials,1095,1095,1,0,"['Pet Supplies', 'Dogs', 'Memorials']",[],0,[]
361,Health Supplies,218,6250,1,12,"['Pet Supplies', 'Dogs', 'Health Supplies']","[520, 521, 522, 523, 524, 525, 526, 527, 528, 529, 530, 531]",0,[]
362,Food,47,4266,1,5,"['Pet Supplies', 'Dogs', 'Food']","[510, 511, 512, 513, 514]",0,[]
363,"Collars, Harnesses & Leashes",79,15851,1,6,"['Pet Supplies', 'Dogs', 'Collars, Harnesses & Leashes']","[491, 492, 493, 494, 495, 496]",0,[]
364,Training & Behavior Aids,164,1858,1,9,"['Pet Supplies', 'Dogs', 'Training & Behavior Aids']","[476, 477, 478, 479, 480, 481, 482, 483, 484]",0,[]
365,Treats,212,7464,1,6,"['Pet Supplies', 'Dogs', 'Treats']","[463, 464, 465, 466, 467, 468]",0,[]
366,"Doors, Gates & Ramps",18,761,1,4,"['Pet Supplies', 'Dogs', 'Doors, Gates & Ramps']","[459, 460, 461, 462]",0,[]
367,Carriers & Travel Products,0,2492,1,6,"['Pet Supplies', 'Dogs', 'Carriers & Travel Products']","[447, 448, 449, 450, 451, 452]",0,[]
368,Feeding & Watering Supplies,52,3051,1,8,"['Pet Supplies', 'Dogs', 'Feeding & Watering Supplies']","[437, 438, 439, 440, 441, 442, 443, 444]",0,[]
369,Litter & Housebreaking,30,2151,1,5,"['Pet Supplies', 'Dogs', 'Litter & Housebreaking']","[430, 431, 432, 433, 434]",0,[]
370,Grooming,145,4775,1,15,"['Pet Supplies', 'Dogs', 'Grooming']","[408, 409, 410, 411, 412, 413, 414, 415, 416, 417, 418, 419, 420, 421, 422]",0,[]
371,Apparel & Accessories,186,9919,1,15,"['Pet Supplies', 'Dogs', 'Apparel & Accessories']","[391, 392, 393, 394, 395, 396, 397, 398, 399, 400, 401, 402, 403, 404, 405]",1,"[(2, 1)]"
372,"Houses, Kennels & Pens",56,1765,1,4,"['Pet Supplies', 'Dogs', 'Houses, Kennels & Pens']","[385, 386, 387, 388]",0,[]
373,Beds & Furniture,15,3040,1,8,"['Pet Supplies', 'Dogs', 'Beds & Furniture']","[375, 376, 377, 378, 379, 380, 381, 382]",0,[]
374,Medications,7,7,1,0,"['Pet Supplies', 'Dogs', 'Medications']",[],0,[]
375,Beds,1949,1949,373,0,"['Pet Supplies', 'Dogs', 'Beds & Furniture', 'Beds']",[],0,[]
376,Bed Mats,442,442,373,0,"['Pet Supplies', 'Dogs', 'Beds & Furniture', 'Bed Mats']",[],0,[]
377,Stairs & Steps,2,164,373,2,"['Pet Supplies', 'Dogs', 'Beds & Furniture', 'Stairs & Steps']","[383, 384]",0,[]
378,Bed Pillows,114,114,373,0,"['Pet Supplies', 'Dogs', 'Beds & Furniture', 'Bed Pillows']",[],0,[]
379,Bed Blankets,139,139,373,0,"['Pet Supplies', 'Dogs', 'Beds & Furniture', 'Bed Blankets']",[],0,[]
380,Bed Covers,175,175,373,0,"['Pet Supplies', 'Dogs', 'Beds & Furniture', 'Bed Covers']",[],0,[]
381,Bed Liners,29,29,373,0,"['Pet Supplies', 'Dogs', 'Beds & Furniture', 'Bed Liners']",[],0,[]
382,Sofas & Chairs,13,13,373,0,"['Pet Supplies', 'Dogs', 'Beds & Furniture', 'Sofas & Chairs']",[],0,[]
383,Stairs,50,50,377,0,"['Pet Supplies', 'Dogs', 'Beds & Furniture', 'Stairs & Steps', 'Stairs']",[],0,[]
384,Steps,112,112,377,0,"['Pet Supplies', 'Dogs', 'Beds & Furniture', 'Stairs & Steps', 'Steps']",[],0,[]
385,Crates & Kennels,0,1310,372,2,"['Pet Supplies', 'Dogs', 'Houses, Kennels & Pens', 'Crates & Kennels']","[389, 390]",0,[]
386,Dog Houses,320,320,372,0,"['Pet Supplies', 'Dogs', 'Houses, Kennels & Pens', 'Dog Houses']",[],0,[]
387,Kennel Covers,51,51,372,0,"['Pet Supplies', 'Dogs', 'Houses, Kennels & Pens', 'Kennel Covers']",[],0,[]
388,Outdoor Pens,28,28,372,0,"['Pet Supplies', 'Dogs', 'Houses, Kennels & Pens', 'Outdoor Pens']",[],0,[]
389,Kennels,701,701,385,0,"['Pet Supplies', 'Dogs', 'Houses, Kennels & Pens', 'Crates & Kennels', 'Kennels']",[],0,[]
390,Crates,609,609,385,0,"['Pet Supplies', 'Dogs', 'Houses, Kennels & Pens', 'Crates & Kennels', 'Crates']",[],0,[]
391,Costumes,1278,1278,371,0,"['Pet Supplies', 'Dogs', 'Apparel & Accessories', 'Costumes']",[],5,"[(2, 6), (245, 5), (400, 3), (20, 1), (31, 1)]"
392,Lifejackets,166,166,371,0,"['Pet Supplies', 'Dogs', 'Apparel & Accessories', 'Lifejackets']",[],0,[]
393,Sunglasses,79,79,371,0,"['Pet Supplies', 'Dogs', 'Apparel & Accessories', 'Sunglasses']",[],0,[]
394,Boots & Paw Protectors,0,933,371,2,"['Pet Supplies', 'Dogs', 'Apparel & Accessories', 'Boots & Paw Protectors']","[406, 407]",0,[]
395,Hair Accessories,167,167,371,0,"['Pet Supplies', 'Dogs', 'Apparel & Accessories', 'Hair Accessories']",[],0,[]
396,Bandanas,356,356,371,0,"['Pet Supplies', 'Dogs', 'Apparel & Accessories', 'Bandanas']",[],0,[]
397,Sweaters,1090,1090,371,0,"['Pet Supplies', 'Dogs', 'Apparel & Accessories', 'Sweaters']",[],0,[]
398,Shirts,1384,1384,371,0,"['Pet Supplies', 'Dogs', 'Apparel & Accessories', 'Shirts']",[],1,"[(245, 2)]"
399,Raincoats,329,329,371,0,"['Pet Supplies', 'Dogs', 'Apparel & Accessories', 'Raincoats']",[],0,[]
400,Dresses,1417,1417,371,0,"['Pet Supplies', 'Dogs', 'Apparel & Accessories', 'Dresses']",[],2,"[(391, 3), (2, 1)]"
401,Cold Weather Coats,1460,1460,371,0,"['Pet Supplies', 'Dogs', 'Apparel & Accessories', 'Cold Weather Coats']",[],0,[]
402,Backpacks,122,122,371,0,"['Pet Supplies', 'Dogs', 'Apparel & Accessories', 'Backpacks']",[],0,[]
403,Hoodies,748,748,371,0,"['Pet Supplies', 'Dogs', 'Apparel & Accessories', 'Hoodies']",[],0,[]
404,Hats,146,146,371,0,"['Pet Supplies', 'Dogs', 'Apparel & Accessories', 'Hats']",[],0,[]
405,Necklaces,61,61,371,0,"['Pet Supplies', 'Dogs', 'Apparel & Accessories', 'Necklaces']",[],0,[]
406,Paw Protectors,932,932,394,0,"['Pet Supplies', 'Dogs', 'Apparel & Accessories', 'Boots & Paw Protectors', 'Paw Protectors']",[],3,"[(407, 4), (2, 2), (520, 1)]"
407,Boots,5,5,394,0,"['Pet Supplies', 'Dogs', 'Apparel & Accessories', 'Boots & Paw Protectors', 'Boots']",[],3,"[(406, 4), (2, 2), (520, 1)]"
408,Shampoos & Conditioners,0,1764,370,3,"['Pet Supplies', 'Dogs', 'Grooming', 'Shampoos & Conditioners']","[427, 428, 429]",0,[]
409,Brushes,359,359,370,0,"['Pet Supplies', 'Dogs', 'Grooming', 'Brushes']",[],0,[]
410,Grooming Wipes,124,124,370,0,"['Pet Supplies', 'Dogs', 'Grooming', 'Grooming Wipes']",[],0,[]
411,Colognes,146,146,370,0,"['Pet Supplies', 'Dogs', 'Grooming', 'Colognes']",[],0,[]
412,Styptic Gels & Powders,26,26,370,0,"['Pet Supplies', 'Dogs', 'Grooming', 'Styptic Gels & Powders']",[],0,[]
413,Dander Remover Sprays,28,28,370,0,"['Pet Supplies', 'Dogs', 'Grooming', 'Dander Remover Sprays']",[],0,[]
414,Hair Removal Mitts & Rollers,96,96,370,0,"['Pet Supplies', 'Dogs', 'Grooming', 'Hair Removal Mitts & Rollers']",[],0,[]
415,Electric Clippers & Blades,30,521,370,2,"['Pet Supplies', 'Dogs', 'Grooming', 'Electric Clippers & Blades']","[425, 426]",0,[]
416,Deodorizers,480,480,370,0,"['Pet Supplies', 'Dogs', 'Grooming', 'Deodorizers']",[],0,[]
417,Claw Care,250,250,370,0,"['Pet Supplies', 'Dogs', 'Grooming', 'Claw Care']",[],0,[]
418,Shedding Tools,176,176,370,0,"['Pet Supplies', 'Dogs', 'Grooming', 'Shedding Tools']",[],0,[]
419,Dematting Tools,8,87,370,2,"['Pet Supplies', 'Dogs', 'Grooming', 'Dematting Tools']","[423, 424]",0,[]
420,Combs,152,152,370,0,"['Pet Supplies', 'Dogs', 'Grooming', 'Combs']",[],0,[]
421,Scissors,220,220,370,0,"['Pet Supplies', 'Dogs', 'Grooming', 'Scissors']",[],0,[]
422,Shower & Bath Accessories,201,201,370,0,"['Pet Supplies', 'Dogs', 'Grooming', 'Shower & Bath Accessories']",[],0,[]
423,Rakes,44,44,419,0,"['Pet Supplies', 'Dogs', 'Grooming', 'Dematting Tools', 'Rakes']",[],0,[]
424,Combs,35,35,419,0,"['Pet Supplies', 'Dogs', 'Grooming', 'Dematting Tools', 'Combs']",[],0,[]
425,Electric Clippers,314,314,415,0,"['Pet Supplies', 'Dogs', 'Grooming', 'Electric Clippers & Blades', 'Electric Clippers']",[],0,[]
426,Replacement Blades,177,177,415,0,"['Pet Supplies', 'Dogs', 'Grooming', 'Electric Clippers & Blades', 'Replacement Blades']",[],0,[]
427,Shampoos,1308,1308,408,0,"['Pet Supplies', 'Dogs', 'Grooming', 'Shampoos & Conditioners', 'Shampoos']",[],0,[]
428,Shampoos Plus Conditioners,207,207,408,0,"['Pet Supplies', 'Dogs', 'Grooming', 'Shampoos & Conditioners', 'Shampoos Plus Conditioners']",[],0,[]
429,Conditioners,249,249,408,0,"['Pet Supplies', 'Dogs', 'Grooming', 'Shampoos & Conditioners', 'Conditioners']",[],0,[]
430,Litter Boxes,45,45,369,0,"['Pet Supplies', 'Dogs', 'Litter & Housebreaking', 'Litter Boxes']",[],0,[]
431,Pooper Scoopers & Bags,3,641,369,2,"['Pet Supplies', 'Dogs', 'Litter & Housebreaking', 'Pooper Scoopers & Bags']","[435, 436]",0,[]
432,Odor & Stain Removers,685,685,369,0,"['Pet Supplies', 'Dogs', 'Litter & Housebreaking', 'Odor & Stain Removers']",[],0,[]
433,Training Pads & Trays,480,480,369,0,"['Pet Supplies', 'Dogs', 'Litter & Housebreaking', 'Training Pads & Trays']",[],0,[]
434,Diapers,270,270,369,0,"['Pet Supplies', 'Dogs', 'Litter & Housebreaking', 'Diapers']",[],0,[]
435,Bags,477,477,431,0,"['Pet Supplies', 'Dogs', 'Litter & Housebreaking', 'Pooper Scoopers & Bags', 'Bags']",[],0,[]
436,Pooper Scoopers,161,161,431,0,"['Pet Supplies', 'Dogs', 'Litter & Housebreaking', 'Pooper Scoopers & Bags', 'Pooper Scoopers']",[],0,[]
437,Food Storage,255,255,368,0,"['Pet Supplies', 'Dogs', 'Feeding & Watering Supplies', 'Food Storage']",[],0,[]
438,Travel Bowls,265,265,368,0,"['Pet Supplies', 'Dogs', 'Feeding & Watering Supplies', 'Travel Bowls']",[],0,[]
439,Fountains,256,256,368,0,"['Pet Supplies', 'Dogs', 'Feeding & Watering Supplies', 'Fountains']",[],0,[]
440,Automatic Feeders,148,148,368,0,"['Pet Supplies', 'Dogs', 'Feeding & Watering Supplies', 'Automatic Feeders']",[],0,[]
441,Bowls,1456,1456,368,0,"['Pet Supplies', 'Dogs', 'Feeding & Watering Supplies', 'Bowls']",[],0,[]
442,Raised Bowls & Feeding Stations,0,526,368,2,"['Pet Supplies', 'Dogs', 'Feeding & Watering Supplies', 'Raised Bowls & Feeding Stations']","[445, 446]",0,[]
443,Water Bottles,66,66,368,0,"['Pet Supplies', 'Dogs', 'Feeding & Watering Supplies', 'Water Bottles']",[],0,[]
444,Nursing Supplies,27,27,368,0,"['Pet Supplies', 'Dogs', 'Feeding & Watering Supplies', 'Nursing Supplies']",[],0,[]
445,Raised Bowls,318,318,442,0,"['Pet Supplies', 'Dogs', 'Feeding & Watering Supplies', 'Raised Bowls & Feeding Stations', 'Raised Bowls']",[],0,[]
446,Feeding Stations,208,208,442,0,"['Pet Supplies', 'Dogs', 'Feeding & Watering Supplies', 'Raised Bowls & Feeding Stations', 'Feeding Stations']",[],0,[]
447,Car Travel Accessories,27,845,367,4,"['Pet Supplies', 'Dogs', 'Carriers & Travel Products', 'Car Travel Accessories']","[455, 456, 457, 458]",0,[]
448,Carriers,413,1310,367,2,"['Pet Supplies', 'Dogs', 'Carriers & Travel Products', 'Carriers']","[453, 454]",3,"[(2, 3), (252, 2), (343, 2)]"
449,Strollers,260,260,367,0,"['Pet Supplies', 'Dogs', 'Carriers & Travel Products', 'Strollers']",[],0,[]
450,Slings,47,47,367,0,"['Pet Supplies', 'Dogs', 'Carriers & Travel Products', 'Slings']",[],0,[]
451,Bicycle Trailers,28,28,367,0,"['Pet Supplies', 'Dogs', 'Carriers & Travel Products', 'Bicycle Trailers']",[],0,[]
452,Bicycle Carriers,2,2,367,0,"['Pet Supplies', 'Dogs', 'Carriers & Travel Products', 'Bicycle Carriers']",[],0,[]
453,Hard-Sided Carriers,262,262,448,0,"['Pet Supplies', 'Dogs', 'Carriers & Travel Products', 'Carriers', 'Hard-Sided Carriers']",[],0,[]
454,Soft-Sided Carriers,635,635,448,0,"['Pet Supplies', 'Dogs', 'Carriers & Travel Products', 'Carriers', 'Soft-Sided Carriers']",[],0,[]
455,Seat Covers,494,494,447,0,"['Pet Supplies', 'Dogs', 'Carriers & Travel Products', 'Car Travel Accessories', 'Seat Covers']",[],0,[]
456,Vehicle Ramps,46,46,447,0,"['Pet Supplies', 'Dogs', 'Carriers & Travel Products', 'Car Travel Accessories', 'Vehicle Ramps']",[],0,[]
457,Booster Seats,141,141,447,0,"['Pet Supplies', 'Dogs', 'Carriers & Travel Products', 'Car Travel Accessories', 'Booster Seats']",[],1,"[(2, 1)]"
458,Barriers,137,137,447,0,"['Pet Supplies', 'Dogs', 'Carriers & Travel Products', 'Car Travel Accessories', 'Barriers']",[],0,[]
459,Playpens,263,263,366,0,"['Pet Supplies', 'Dogs', 'Doors, Gates & Ramps', 'Playpens']",[],0,[]
460,Doorbells,109,109,366,0,"['Pet Supplies', 'Dogs', 'Doors, Gates & Ramps', 'Doorbells']",[],0,[]
461,Safety Ramps,24,24,366,0,"['Pet Supplies', 'Dogs', 'Doors, Gates & Ramps', 'Safety Ramps']",[],0,[]
462,Doors,347,347,366,0,"['Pet Supplies', 'Dogs', 'Doors, Gates & Ramps', 'Doors']",[],0,[]
463,"Cookies, Biscuits & Snacks",21,4528,365,3,"['Pet Supplies', 'Dogs', 'Treats', 'Cookies, Biscuits & Snacks']","[473, 474, 475]",0,[]
464,Jerky,420,420,365,0,"['Pet Supplies', 'Dogs', 'Treats', 'Jerky']",[],0,[]
465,Bones,683,683,365,0,"['Pet Supplies', 'Dogs', 'Treats', 'Bones']",[],0,[]
466,Rawhide,52,1414,365,4,"['Pet Supplies', 'Dogs', 'Treats', 'Rawhide']","[469, 470, 471, 472]",0,[]
467,Animal Ears,169,169,365,0,"['Pet Supplies', 'Dogs', 'Treats', 'Animal Ears']",[],0,[]
468,Hooves,38,38,365,0,"['Pet Supplies', 'Dogs', 'Treats', 'Hooves']",[],0,[]
469,Sticks & Twists,716,716,466,0,"['Pet Supplies', 'Dogs', 'Treats', 'Rawhide', 'Sticks & Twists']",[],0,[]
470,Bones,458,458,466,0,"['Pet Supplies', 'Dogs', 'Treats', 'Rawhide', 'Bones']",[],0,[]
471,Chips,68,68,466,0,"['Pet Supplies', 'Dogs', 'Treats', 'Rawhide', 'Chips']",[],0,[]
472,Rolls,120,120,466,0,"['Pet Supplies', 'Dogs', 'Treats', 'Rawhide', 'Rolls']",[],0,[]
473,Snacks,3915,3915,463,0,"['Pet Supplies', 'Dogs', 'Treats', 'Cookies, Biscuits & Snacks', 'Snacks']",[],0,[]
474,Biscuits,410,410,463,0,"['Pet Supplies', 'Dogs', 'Treats', 'Cookies, Biscuits & Snacks', 'Biscuits']",[],0,[]
475,Cookies,182,182,463,0,"['Pet Supplies', 'Dogs', 'Treats', 'Cookies, Biscuits & Snacks', 'Cookies']",[],0,[]
476,Training Collars,616,616,364,0,"['Pet Supplies', 'Dogs', 'Training & Behavior Aids', 'Training Collars']",[],0,[]
477,Sonic Bark Deterrents,100,100,364,0,"['Pet Supplies', 'Dogs', 'Training & Behavior Aids', 'Sonic Bark Deterrents']",[],0,[]
478,Repellents,219,418,364,3,"['Pet Supplies', 'Dogs', 'Training & Behavior Aids', 'Repellents']","[488, 489, 490]",0,[]
479,Dog Whistles,80,80,364,0,"['Pet Supplies', 'Dogs', 'Training & Behavior Aids', 'Dog Whistles']",[],0,[]
480,Tie-Outs & Stakes,234,234,364,0,"['Pet Supplies', 'Dogs', 'Training & Behavior Aids', 'Tie-Outs & Stakes']",[],0,[]
481,Training Leashes,53,53,364,0,"['Pet Supplies', 'Dogs', 'Training & Behavior Aids', 'Training Leashes']",[],0,[]
482,Agility Equipment,90,125,364,3,"['Pet Supplies', 'Dogs', 'Training & Behavior Aids', 'Agility Equipment']","[485, 486, 487]",0,[]
483,Training Clickers,64,64,364,0,"['Pet Supplies', 'Dogs', 'Training & Behavior Aids', 'Training Clickers']",[],0,[]
484,Radio & Wireless Fences,4,4,364,0,"['Pet Supplies', 'Dogs', 'Training & Behavior Aids', 'Radio & Wireless Fences']",[],0,[]
485,Jumps,15,15,482,0,"['Pet Supplies', 'Dogs', 'Training & Behavior Aids', 'Agility Equipment', 'Jumps']",[],0,[]
486,Tunnels,10,10,482,0,"['Pet Supplies', 'Dogs', 'Training & Behavior Aids', 'Agility Equipment', 'Tunnels']",[],0,[]
487,Dog Treadmills,10,10,482,0,"['Pet Supplies', 'Dogs', 'Training & Behavior Aids', 'Agility Equipment', 'Dog Treadmills']",[],0,[]
488,Spray Repellents,123,123,478,0,"['Pet Supplies', 'Dogs', 'Training & Behavior Aids', 'Repellents', 'Spray Repellents']",[],0,[]
489,Repellent Mats,53,53,478,0,"['Pet Supplies', 'Dogs', 'Training & Behavior Aids', 'Repellents', 'Repellent Mats']",[],0,[]
490,Sonic Repellents,23,23,478,0,"['Pet Supplies', 'Dogs', 'Training & Behavior Aids', 'Repellents', 'Sonic Repellents']",[],0,[]
491,Leashes,0,3500,363,4,"['Pet Supplies', 'Dogs', 'Collars, Harnesses & Leashes', 'Leashes']","[506, 507, 508, 509]",0,[]
492,Harnesses,268,3313,363,3,"['Pet Supplies', 'Dogs', 'Collars, Harnesses & Leashes', 'Harnesses']","[503, 504, 505]",0,[]
493,Collars,1,8374,363,6,"['Pet Supplies', 'Dogs', 'Collars, Harnesses & Leashes', 'Collars']","[497, 498, 499, 500, 501, 502]",0,[]
494,Collar Charms,207,207,363,0,"['Pet Supplies', 'Dogs', 'Collars, Harnesses & Leashes', 'Collar Charms']",[],1,"[(249, 1)]"
495,Muzzles,357,357,363,0,"['Pet Supplies', 'Dogs', 'Collars, Harnesses & Leashes', 'Muzzles']",[],0,[]
496,ID Tags,35,35,363,0,"['Pet Supplies', 'Dogs', 'Collars, Harnesses & Leashes', 'ID Tags']",[],1,"[(500, 14)]"
497,Basic Collars,6231,6231,493,0,"['Pet Supplies', 'Dogs', 'Collars, Harnesses & Leashes', 'Collars', 'Basic Collars']",[],0,[]
498,Bark Collars,261,261,493,0,"['Pet Supplies', 'Dogs', 'Collars, Harnesses & Leashes', 'Collars', 'Bark Collars']",[],0,[]
499,Headcollars,99,99,493,0,"['Pet Supplies', 'Dogs', 'Collars, Harnesses & Leashes', 'Collars', 'Headcollars']",[],0,[]
500,Accessories,1002,1002,493,0,"['Pet Supplies', 'Dogs', 'Collars, Harnesses & Leashes', 'Collars', 'Accessories']",[],1,"[(496, 14)]"
501,Slip Chains,686,686,493,0,"['Pet Supplies', 'Dogs', 'Collars, Harnesses & Leashes', 'Collars', 'Slip Chains']",[],0,[]
502,Pinch Collars,94,94,493,0,"['Pet Supplies', 'Dogs', 'Collars, Harnesses & Leashes', 'Collars', 'Pinch Collars']",[],0,[]
503,Vest Harnesses,658,658,492,0,"['Pet Supplies', 'Dogs', 'Collars, Harnesses & Leashes', 'Harnesses', 'Vest Harnesses']",[],0,[]
504,Basic Halter Harnesses,2222,2222,492,0,"['Pet Supplies', 'Dogs', 'Collars, Harnesses & Leashes', 'Harnesses', 'Basic Halter Harnesses']",[],0,[]
505,Vehicle Harnesses,165,165,492,0,"['Pet Supplies', 'Dogs', 'Collars, Harnesses & Leashes', 'Harnesses', 'Vehicle Harnesses']",[],0,[]
506,Basic Leashes,3243,3243,491,0,"['Pet Supplies', 'Dogs', 'Collars, Harnesses & Leashes', 'Leashes', 'Basic Leashes']",[],0,[]
507,Retractable Leashes,152,152,491,0,"['Pet Supplies', 'Dogs', 'Collars, Harnesses & Leashes', 'Leashes', 'Retractable Leashes']",[],0,[]
508,Hands Free Leashes,49,49,491,0,"['Pet Supplies', 'Dogs', 'Collars, Harnesses & Leashes', 'Leashes', 'Hands Free Leashes']",[],0,[]
509,Double Leashes,56,56,491,0,"['Pet Supplies', 'Dogs', 'Collars, Harnesses & Leashes', 'Leashes', 'Double Leashes']",[],0,[]
510,Dry,2468,2468,362,0,"['Pet Supplies', 'Dogs', 'Food', 'Dry']",[],0,[]
511,Wet,31,1523,362,3,"['Pet Supplies', 'Dogs', 'Food', 'Wet']","[517, 518, 519]",0,[]
512,Food Toppers,49,49,362,0,"['Pet Supplies', 'Dogs', 'Food', 'Food Toppers']",[],0,[]
513,Dehydrated/Freeze-Dried,27,151,362,2,"['Pet Supplies', 'Dogs', 'Food', 'Dehydrated/Freeze-Dried']","[515, 516]",0,[]
514,Frozen,28,28,362,0,"['Pet Supplies', 'Dogs', 'Food', 'Frozen']",[],0,[]
515,Freeze-Dried,77,77,513,0,"['Pet Supplies', 'Dogs', 'Food', 'Dehydrated/Freeze-Dried', 'Freeze-Dried']",[],0,[]
516,Dehydrated,47,47,513,0,"['Pet Supplies', 'Dogs', 'Food', 'Dehydrated/Freeze-Dried', 'Dehydrated']",[],0,[]
517,Pouches,113,113,511,0,"['Pet Supplies', 'Dogs', 'Food', 'Wet', 'Pouches']",[],0,[]
518,Canned,1327,1327,511,0,"['Pet Supplies', 'Dogs', 'Food', 'Wet', 'Canned']",[],0,[]
519,Rolls,52,52,511,0,"['Pet Supplies', 'Dogs', 'Food', 'Wet', 'Rolls']",[],0,[]
520,Supplements & Vitamins,600,2976,361,7,"['Pet Supplies', 'Dogs', 'Health Supplies', 'Supplements & Vitamins']","[542, 543, 544, 545, 546, 547, 548]",3,"[(407, 1), (406, 1), (2, 1)]"
521,Relaxants,238,238,361,0,"['Pet Supplies', 'Dogs', 'Health Supplies', 'Relaxants']",[],0,[]
522,Eye Care,205,205,361,0,"['Pet Supplies', 'Dogs', 'Health Supplies', 'Eye Care']",[],0,[]
523,"Flea, Lice & Tick Control",49,1129,361,8,"['Pet Supplies', 'Dogs', 'Health Supplies', 'Flea, Lice & Tick Control']","[534, 535, 536, 537, 538, 539, 540, 541]",0,[]
524,Dental Care,206,445,361,2,"['Pet Supplies', 'Dogs', 'Health Supplies', 'Dental Care']","[532, 533]",0,[]
525,Ear Care,294,294,361,0,"['Pet Supplies', 'Dogs', 'Health Supplies', 'Ear Care']",[],0,[]
526,Digestive Remedies,263,263,361,0,"['Pet Supplies', 'Dogs', 'Health Supplies', 'Digestive Remedies']",[],0,[]
527,Recovery Collars & Cones,117,117,361,0,"['Pet Supplies', 'Dogs', 'Health Supplies', 'Recovery Collars & Cones']",[],0,[]
528,Itch Remedies,225,225,361,0,"['Pet Supplies', 'Dogs', 'Health Supplies', 'Itch Remedies']",[],0,[]
529,Wormers,95,95,361,0,"['Pet Supplies', 'Dogs', 'Health Supplies', 'Wormers']",[],0,[]
530,Milk Replacers,34,34,361,0,"['Pet Supplies', 'Dogs', 'Health Supplies', 'Milk Replacers']",[],0,[]
531,Thermometers,11,11,361,0,"['Pet Supplies', 'Dogs', 'Health Supplies', 'Thermometers']",[],0,[]
532,Toothpaste,132,132,524,0,"['Pet Supplies', 'Dogs', 'Health Supplies', 'Dental Care', 'Toothpaste']",[],0,[]
533,Toothbrushes,107,107,524,0,"['Pet Supplies', 'Dogs', 'Health Supplies', 'Dental Care', 'Toothbrushes']",[],0,[]
534,Flea Drops,490,490,523,0,"['Pet Supplies', 'Dogs', 'Health Supplies', 'Flea, Lice & Tick Control', 'Flea Drops']",[],0,[]
535,Dog Flea Sprays,205,205,523,0,"['Pet Supplies', 'Dogs', 'Health Supplies', 'Flea, Lice & Tick Control', 'Dog Flea Sprays']",[],0,[]
536,Flea Shampoos,140,140,523,0,"['Pet Supplies', 'Dogs', 'Health Supplies', 'Flea, Lice & Tick Control', 'Flea Shampoos']",[],0,[]
537,Flea & Tick Collars,104,104,523,0,"['Pet Supplies', 'Dogs', 'Health Supplies', 'Flea, Lice & Tick Control', 'Flea & Tick Collars']",[],0,[]
538,Carpet Flea Powders & Sprays,45,45,523,0,"['Pet Supplies', 'Dogs', 'Health Supplies', 'Flea, Lice & Tick Control', 'Carpet Flea Powders & Sprays']",[],0,[]
539,Flea Combs,46,46,523,0,"['Pet Supplies', 'Dogs', 'Health Supplies', 'Flea, Lice & Tick Control', 'Flea Combs']",[],0,[]
540,Tick Remover Tools,31,31,523,0,"['Pet Supplies', 'Dogs', 'Health Supplies', 'Flea, Lice & Tick Control', 'Tick Remover Tools']",[],0,[]
541,Dog Flea Powders,19,19,523,0,"['Pet Supplies', 'Dogs', 'Health Supplies', 'Flea, Lice & Tick Control', 'Dog Flea Powders']",[],0,[]
542,Herbal Supplements,120,120,520,0,"['Pet Supplies', 'Dogs', 'Health Supplies', 'Supplements & Vitamins', 'Herbal Supplements']",[],0,[]
543,Bone & Joint Health Supplements,1029,1029,520,0,"['Pet Supplies', 'Dogs', 'Health Supplies', 'Supplements & Vitamins', 'Bone & Joint Health Supplements']",[],0,[]
544,Multivitamins,613,613,520,0,"['Pet Supplies', 'Dogs', 'Health Supplies', 'Supplements & Vitamins', 'Multivitamins']",[],0,[]
545,Antioxidants,172,172,520,0,"['Pet Supplies', 'Dogs', 'Health Supplies', 'Supplements & Vitamins', 'Antioxidants']",[],0,[]
546,Fish Oil Supplements,317,317,520,0,"['Pet Supplies', 'Dogs', 'Health Supplies', 'Supplements & Vitamins', 'Fish Oil Supplements']",[],0,[]
547,Probiotics,119,119,520,0,"['Pet Supplies', 'Dogs', 'Health Supplies', 'Supplements & Vitamins', 'Probiotics']",[],0,[]
548,Amino Acids,6,6,520,0,"['Pet Supplies', 'Dogs', 'Health Supplies', 'Supplements & Vitamins', 'Amino Acids']",[],0,[]
549,Balls,1049,1049,359,0,"['Pet Supplies', 'Dogs', 'Toys', 'Balls']",[],0,[]
550,Squeak Toys,3165,3165,359,0,"['Pet Supplies', 'Dogs', 'Toys', 'Squeak Toys']",[],0,[]
551,Ropes,623,623,359,0,"['Pet Supplies', 'Dogs', 'Toys', 'Ropes']",[],0,[]
552,Flying Discs,233,233,359,0,"['Pet Supplies', 'Dogs', 'Toys', 'Flying Discs']",[],0,[]
553,Chew Toys,1994,1994,359,0,"['Pet Supplies', 'Dogs', 'Toys', 'Chew Toys']",[],0,[]
554,Laser Toys,16,16,359,0,"['Pet Supplies', 'Dogs', 'Toys', 'Laser Toys']",[],0,[]
